NUM. ORDEM,NOME,DATA NASCIMENTO,IDADE,FAIXA,GÊNERO,ESTADO CIVIL,CIDADE,Bairro,Profissão,FILHOS,CPF,NPS,Tipo Cliente,pofem29633@1heizi.com
83,ALISSON DANTAS,7/31/1966,55,maior que 50 anos,MASCULINO,CASADO,BAYEUX,Jardim São Severino,Promotor de Vendas,3,99083,4,,pofem29633@1heizi.com
93,EULALIA COSTA,1/23/1967,55,maior que 50 anos,FEMININO,SOLTEIRO,BAYEUX,Comercial Norte,aposentado,0,99093,0,,pofem29633@1heizi.com
145,ACETIDES Carvalho,1/23/1967,55,maior que 50 anos,MASCULINO,SOLTEIRO,BAYEUX,Imaculada,aposentado,1,,3,,pofem29633@1heizi.com
202,ACENO Araújo,7/2/1978,43,31 a 50 anos,MASCULINO,CASADO,BAYEUX,Centro,Administração Pública,0,,7,,pofem29633@1heizi.com
213,ACHILES Oliveira,3/20/1973,48,31 a 50 anos,MASCULINO,CASADO,BAYEUX,Jardim São Severino,Vendedor (a),1,,3,,pofem29633@1heizi.com
223,ACER Fernandes,7/1/1969,52,maior que 50 anos,MASCULINO,CASADO,BAYEUX,Comercial Norte,Processos Gerenciais,2,,6,,pofem29633@1heizi.com
228,ACHILLES CUNHA,1/23/1967,55,maior que 50 anos,MASCULINO,SOLTEIRO,BAYEUX,Tambay,aposentado,1,,6,,pofem29633@1heizi.com
241,ACENILDO Almeida,8/1/1962,59,maior que 50 anos,MASCULINO,CASADO,BAYEUX,Alto da Boa Vista,Personal Treiner,1,,7,,pofem29633@1heizi.com
243,ACHILLES GAUDINO,6/14/1961,60,maior que 50 anos,MASCULINO,SOLTEIRO,BAYEUX,São Bento,aposentado,0,,0,,pofem29633@1heizi.com
248,ACHILLE MENDES JÚNIOR,11/8/1959,62,maior que 50 anos,MASCULINO,SOLTEIRO,BAYEUX,Rio do Meio,aposentado,0,,8,,pofem29633@1heizi.com
303,289 Lima,8/3/1994,27,18 a 30 anos,MASCULINO,SOLTEIRO,BAYEUX,Brasília,Estudante,0,,10,,pofem29633@1heizi.com
308,ACHILIS DORES SANTOS,7/20/1990,31,31 a 50 anos,MASCULINO,SOLTEIRO,BAYEUX,Mário Andreazza,Vendedor (a),0,,3,,pofem29633@1heizi.com
325,ACENILTON Nascimento,6/16/1977,44,31 a 50 anos,MASCULINO,SOLTEIRO,BAYEUX,Baralho,Vendedor (a),0,,5,,pofem29633@1heizi.com
402,ACHILA Gomes,1/3/1996,25,18 a 30 anos,FEMININO,SOLTEIRO,BAYEUX,Jardim Aeroporto,Oftálmica,0,,3,,pofem29633@1heizi.com
433,ASHLEY GADELHA,12/10/1983,38,31 a 50 anos,FEMININO,SOLTEIRO,BAYEUX,Sesi,Vendedor (a),0,,6,,pofem29633@1heizi.com
483,ASHLEY FIALHO,5/8/1967,54,maior que 50 anos,FEMININO,SOLTEIRO,BAYEUX,Jardim São Vicente,aposentado,0,,10,,pofem29633@1heizi.com
42,Ana Cristina Pontes,3/6/1967,55,maior que 50 anos,FEMININO,SOLTEIRO,CABEDELO,Jardim Camboinha,aposentado,0,99042,9,,pofem29633@1heizi.com
53,ELDER GOMES,8/11/1943,78,maior que 50 anos,MASCULINO,VIÚVO,CABEDELO,Camboinha Centro,aposentado,2,99053,6,,pofem29633@1heizi.com
54,EVELYN MOREIRA BANDEIRA,2/12/1968,54,maior que 50 anos,FEMININO,CASADO,CABEDELO,Centro,Vendedor (a),2,99054,5,,pofem29633@1heizi.com
102,JOÃO VITOR DO NASCIMENTO,5/24/1995,26,18 a 30 anos,MASCULINO,SOLTEIRO,CABEDELO,Jenipapo,Vendedor (a),0,99102,8,,pofem29633@1heizi.com
104,JOSÉ ANCHIETA ALENCAR,11/10/1969,52,maior que 50 anos,MASCULINO,DIVORCIADO,CABEDELO,Novo Bodocongó,Promotor de Vendas,1,99104,5,,pofem29633@1heizi.com
108,JOSÉ VITOR MEDEIROS,5/17/1951,71,maior que 50 anos,MASCULINO,SEPARADO,CABEDELO,Jardim América,Cozinheiro,2,99108,3,,pofem29633@1heizi.com
109,JOSEAN RODRIGUES MENDES,5/14/1996,25,18 a 30 anos,MASCULINO,SOLTEIRO,CABEDELO,Areia Dourada,Estudante,0,99109,5,,pofem29633@1heizi.com
112,LUCIELI ROCHA,4/3/1968,53,maior que 50 anos,FEMININO,CASADO,CABEDELO,Jardim Manguinhos,médico,2,99112,9,,pofem29633@1heizi.com
159,ABIMELEQUE Castro,3/3/1994,27,18 a 30 anos,MASCULINO,CASADO,CABEDELO,Camalau,Bancário,0,,1,,pofem29633@1heizi.com
188,418 Souza,12/25/1982,39,31 a 50 anos,MASCULINO,CASADO,CABEDELO,Jacaré,Gestão de Segurança Privada,1,,9,,pofem29633@1heizi.com
207,ABINADA Cardoso,6/5/1977,44,31 a 50 anos,MASCULINO,CASADO,CABEDELO,Formosa,Ciências Econômicas,2,,4,,pofem29633@1heizi.com
246,ABINADABI Costa,12/26/1960,61,maior que 50 anos,MASCULINO,CASADO,CABEDELO,Jardim América,Bancário,3,,7,,pofem29633@1heizi.com
276,ADIMAR Dias,5/18/1988,33,31 a 50 anos,MASCULINO,DIVORCIADO,CABEDELO,Areia Dourada,Gestão de Seguros,3,,1,,pofem29633@1heizi.com
328,ADINALDO Pereira,12/14/1973,48,31 a 50 anos,MASCULINO,SOLTEIRO,CABEDELO,Jardim Manguinhos,Administração Pública,2,,0,,pofem29633@1heizi.com
343,ABINADAB Silva,7/20/1960,61,maior que 50 anos,MASCULINO,SOLTEIRO,CABEDELO,Intermares,Gestão Pública,3,,10,,pofem29633@1heizi.com
367,ADINAEL Santos,3/22/1988,33,31 a 50 anos,MASCULINO,VIÚVO,CABEDELO,Jardim Brasília,Odontologia,3,,5,,pofem29633@1heizi.com
400,ABIMAELE Cavalcanti,9/6/1996,25,18 a 30 anos,FEMININO,SOLTEIRO,CABEDELO,Amazônia Park,Obstetrícia,2,,8,,pofem29633@1heizi.com
406,ADINAIR Oliveira,6/22/1995,26,18 a 30 anos,FEMININO,CASADO,CABEDELO,Jardim Camboinha,Gestão de Recursos Humanos,0,,10,,pofem29633@1heizi.com
485,ADINA Campos,1/4/1966,56,maior que 50 anos,FEMININO,SOLTEIRO,CABEDELO,Camboinha Centro,aposentado,3,,7,,pofem29633@1heizi.com
6,Henrique Rosas,1/23/1967,55,maior que 50 anos,MASCULINO,SOLTEIRO,CAMPINA_GRANDE,Centro,aposentado,0,99006,3,,pofem29633@1heizi.com
9,Ilkymedson Moura,9/19/1930,92,maior que 50 anos,MASCULINO,VIÚVO,CAMPINA_GRANDE,Jenipapo,aposentado,3,99009,1,,pofem29633@1heizi.com
11,Elisom Belo,1/23/1967,55,maior que 50 anos,MASCULINO,SOLTEIRO,CAMPINA_GRANDE,Novo Bodocongó,aposentado,0,99011,9,,pofem29633@1heizi.com
12,Walter Araújo,4/25/1978,43,31 a 50 anos,MASCULINO,CASADO,CAMPINA_GRANDE,Palmeira,Empresário,0,99012,3,,pofem29633@1heizi.com
16,Leonardo Firmino,1/23/1967,55,maior que 50 anos,MASCULINO,SOLTEIRO,CAMPINA_GRANDE,Conceição,aposentado,0,99016,3,,pofem29633@1heizi.com
17,Jairo Marques,1/31/1983,38,31 a 50 anos,MASCULINO,CASADO,CAMPINA_GRANDE,Cuités,professor,0,99017,1,,pofem29633@1heizi.com
19,Everton Pereira,7/31/1968,53,maior que 50 anos,MASCULINO,SOLTEIRO,CAMPINA_GRANDE,Monte Santo,aposentado,0,99019,9,,pofem29633@1heizi.com
20,Thais Nóbrega,4/30/1999,22,18 a 30 anos,FEMININO,VIÚVO,CAMPINA_GRANDE,Conceição,médico,2,99020,3,,pofem29633@1heizi.com
68,LUIS FERNANDO FRANCISCO MENDES,8/10/1969,52,maior que 50 anos,MASCULINO,CASADO,CAMPINA_GRANDE,Araxá,Promotor de Vendas,2,99068,10,,pofem29633@1heizi.com
69,MARCOS PEREIRA SILVA,5/1/1958,64,maior que 50 anos,MASCULINO,CASADO,CAMPINA_GRANDE,Jardim Tavares,Vendedor (a),3,99069,6,,pofem29633@1heizi.com
74,RAYANE DE ALMEIDA,11/18/1978,43,31 a 50 anos,FEMININO,CASADO,CAMPINA_GRANDE,Jenipapo,comerciante,1,99074,6,,pofem29633@1heizi.com
84,ALLAN COSTA,9/13/1955,66,maior que 50 anos,MASCULINO,CASADO,CAMPINA_GRANDE,Centro,Vendedor (a),4,99084,5,,pofem29633@1heizi.com
147,ABNER Alves,1/23/1967,55,maior que 50 anos,MASCULINO,SOLTEIRO,CAMPINA_GRANDE,Bairro das Nações,aposentado,0,,2,,pofem29633@1heizi.com
148,1088 Pinto,1/23/1967,55,maior que 50 anos,MASCULINO,SOLTEIRO,CAMPINA_GRANDE,Jeremias,aposentado,0,,4,,pofem29633@1heizi.com
217,ABIDAN Castro,7/24/1971,50,31 a 50 anos,MASCULINO,CASADO,CAMPINA_GRANDE,Monte Santo,Gestão Pública,0,,6,,pofem29633@1heizi.com
232,ADEVALDO Martins,7/14/1966,55,maior que 50 anos,MASCULINO,SOLTEIRO,CAMPINA_GRANDE,Alto Branco,aposentado,1,,9,,pofem29633@1heizi.com
242,ADIB Cavalcanti,1/2/1962,60,maior que 50 anos,MASCULINO,CASADO,CAMPINA_GRANDE,Lauritzen,Vendedor (a),3,,8,,pofem29633@1heizi.com
272,ACTON Araújo,8/16/1983,38,31 a 50 anos,MASCULINO,CASADO,CAMPINA_GRANDE,Jardim Tavares,Gastronomia,2,,9,,pofem29633@1heizi.com
273,ACURCIO Carvalho,1/7/1977,45,31 a 50 anos,MASCULINO,CASADO,CAMPINA_GRANDE,Jenipapo,Gestão Comercial,3,,6,,pofem29633@1heizi.com
274,ACELINO Oliveira,6/8/1998,23,18 a 30 anos,MASCULINO,CASADO,CAMPINA_GRANDE,Louzeiro,Gestão de Recursos Humanos,1,,7,,pofem29633@1heizi.com
282,ACRISIO Santos,10/23/1990,31,31 a 50 anos,MASCULINO,DIVORCIADO,CAMPINA_GRANDE,Centro,Marketing,2,,4,,pofem29633@1heizi.com
314,ABIATAR Moura,6/27/1985,36,31 a 50 anos,MASCULINO,SOLTEIRO,CAMPINA_GRANDE,Jenipapo,Personal Treiner,3,,7,,pofem29633@1heizi.com
331,ABIDAO Campos,6/3/1972,49,31 a 50 anos,MASCULINO,SOLTEIRO,CAMPINA_GRANDE,Novo Bodocongó,Ciências Atuariais,0,,1,,pofem29633@1heizi.com
334,ABIDENOR Cardoso,6/11/1969,52,maior que 50 anos,MASCULINO,SOLTEIRO,CAMPINA_GRANDE,Palmeira,Comércio Exterior,1,,5,,pofem29633@1heizi.com
357,ACSEL Rodrigues,1/16/1961,61,maior que 50 anos,MASCULINO,SOLTEIRO,CAMPINA_GRANDE,Jardim Tavares,Fonoaudiologia,0,,7,,pofem29633@1heizi.com
358,AKSON Nascimento,11/5/1967,54,maior que 50 anos,MASCULINO,SOLTEIRO,CAMPINA_GRANDE,Jenipapo,Gerontologia,0,,7,,pofem29633@1heizi.com
359,5973 FIALHO,5/4/1960,61,maior que 50 anos,MASCULINO,SOLTEIRO,CAMPINA_GRANDE,Monte Santo,Gestão Desportiva e de Lazer,2,,2,,pofem29633@1heizi.com
365,18895 Monteiro,1/29/1992,29,18 a 30 anos,MASCULINO,VIÚVO,CAMPINA_GRANDE,Conceição,Vendedor (a),0,,0,,pofem29633@1heizi.com
389,ACRISIO Oliveira,7/10/1989,32,31 a 50 anos,MASCULINO,VIÚVO,CAMPINA_GRANDE,Araxá,Vendedor (a),1,,2,,pofem29633@1heizi.com
427,ACSA DORES SANTOS,4/12/1986,35,31 a 50 anos,FEMININO,SOLTEIRO,CAMPINA_GRANDE,Novo Bodocongó,Vendedor (a),1,,9,,pofem29633@1heizi.com
428,2085 Pereira,8/14/1985,36,31 a 50 anos,FEMININO,SOLTEIRO,CAMPINA_GRANDE,Bairro das Nações,Vendedor (a),0,,3,,pofem29633@1heizi.com
430,ADAIR Mendes,8/29/1984,37,31 a 50 anos,FEMININO,SOLTEIRO,CAMPINA_GRANDE,Cidade Juracy Palhano,Vendedor (a),0,,3,,pofem29633@1heizi.com
436,ADJAIR Ribeiro,10/1/1983,38,31 a 50 anos,FEMININO,CASADO,CAMPINA_GRANDE,Araxá,Vendedor (a),3,,9,,pofem29633@1heizi.com
448,ACUCENA Fernandes,11/3/1977,44,31 a 50 anos,FEMININO,CASADO,CAMPINA_GRANDE,Jeremias,Vendedor (a),2,,1,,pofem29633@1heizi.com
451,5583 MENDES JÚNIOR,4/27/1977,44,31 a 50 anos,FEMININO,CASADO,CAMPINA_GRANDE,Palmeira,Vendedor (a),3,,2,,pofem29633@1heizi.com
458,ACRISIA Costa,2/15/1976,45,31 a 50 anos,FEMININO,CASADO,CAMPINA_GRANDE,Alto Branco,Hotelaria,0,,8,,pofem29633@1heizi.com
461,ACSSA Lima,4/12/1975,46,31 a 50 anos,FEMININO,CASADO,CAMPINA_GRANDE,Jardim Continental,Negócios Imobiliários,3,,1,,pofem29633@1heizi.com
470,ABIDA Dias,6/1/1972,49,31 a 50 anos,FEMININO,SOLTEIRO,CAMPINA_GRANDE,Louzeiro,Vendedor (a),0,,2,,pofem29633@1heizi.com
472,5973 Gomes,7/27/1971,50,31 a 50 anos,FEMININO,SOLTEIRO,CAMPINA_GRANDE,Lauritzen,Vendedor (a),0,,4,,pofem29633@1heizi.com
486,3696 Rocha,11/7/1965,56,maior que 50 anos,FEMININO,CASADO,CAMPINA_GRANDE,Centro,Bancário,2,,10,,pofem29633@1heizi.com
489,ADIANA Freitas,5/10/1965,56,maior que 50 anos,FEMININO,DIVORCIADO,CAMPINA_GRANDE,Jardim Continental,Empresário,2,,2,,pofem29633@1heizi.com
490,ADIANE Barbosa,8/11/1963,58,maior que 50 anos,FEMININO,DIVORCIADO,CAMPINA_GRANDE,Jardim Tavares,Personal Treiner,0,,3,,pofem29633@1heizi.com
494,ACSIA Almeida,7/21/1961,60,maior que 50 anos,FEMININO,DIVORCIADO,CAMPINA_GRANDE,Cidade Juracy Palhano,Vendedor (a),1,,8,,pofem29633@1heizi.com
495,ABEL Barros,1/23/1967,55,maior que 50 anos,FEMININO,SOLTEIRO,CAMPINA_GRANDE,Cuités,aposentado,1,,9,,pofem29633@1heizi.com
51,CARLOS JANDEILSON BRAGA,4/18/1991,30,31 a 50 anos,MASCULINO,SOLTEIRO,GOIANA,Santa Genoveva,Balconista,0,99051,3,,pofem29633@1heizi.com
106,JOSE SOARES RAMOS,7/7/1989,32,31 a 50 anos,MASCULINO,SOLTEIRO,GOIANA,Goiânia 2,Empresário,0,99106,4,,pofem29633@1heizi.com
114,MANOEL DANTAS,4/2/1968,53,maior que 50 anos,MASCULINO,DIVORCIADO,GOIANA,Maria Rosa,professor,2,99114,7,,pofem29633@1heizi.com
124,ROBSON BRITO NETO,1/26/1947,75,maior que 50 anos,MASCULINO,CASADO,GOIANA,Progresso,aposentado,2,99124,2,,pofem29633@1heizi.com
130,ADNAEL Souza,10/4/2000,20,18 a 30 anos,MASCULINO,CASADO,GOIANA,Jardim Gramado,Personal Treiner,2,,8,,pofem29633@1heizi.com
133,ABRELINO Cavalcanti,7/12/1940,82,maior que 50 anos,MASCULINO,CASADO,GOIANA,Perim,aposentado,3,,6,,pofem29633@1heizi.com
142,ABSOLON Mendes,1/23/1967,55,maior que 50 anos,MASCULINO,SOLTEIRO,GOIANA,Residencial Itália,aposentado,0,,1,,pofem29633@1heizi.com
144,ABSOLON Barros,1/23/1967,55,maior que 50 anos,MASCULINO,SOLTEIRO,GOIANA,Santa Genoveva,aposentado,0,,9,,pofem29633@1heizi.com
149,149 Araújo,1/23/1967,55,maior que 50 anos,MASCULINO,SOLTEIRO,GOIANA,Goiânia 2,aposentado,0,,9,,pofem29633@1heizi.com
150,ADRIAN Alves,1/23/1967,55,maior que 50 anos,MASCULINO,SOLTEIRO,GOIANA,Morada dos Sonhos,aposentado,1,,8,,pofem29633@1heizi.com
152,ADNEI Pereira,2/4/1960,62,maior que 50 anos,MASCULINO,SOLTEIRO,GOIANA,Jardim Santa Cecília,aposentado,1,,9,,pofem29633@1heizi.com
160,ABISAEL Fernandes,11/21/1993,27,18 a 30 anos,MASCULINO,CASADO,GOIANA,Granja Cruzeiro do Sul,Balconista,1,,2,,pofem29633@1heizi.com
161,32296 Gomes,10/12/1993,28,18 a 30 anos,MASCULINO,SOLTEIRO,GOIANA,Maria Rosa,Estudante,1,,4,,pofem29633@1heizi.com
165,ABRELINO Campos,8/20/1990,31,31 a 50 anos,MASCULINO,SOLTEIRO,GOIANA,Progresso,Vendedor (a),1,,1,,pofem29633@1heizi.com
174,8205 Cavalcanti,10/1/1986,35,31 a 50 anos,MASCULINO,SOLTEIRO,GOIANA,Urias Magalhães,Vendedor (a),0,,6,,pofem29633@1heizi.com
180,ABSAEL Cardoso,8/26/1985,36,31 a 50 anos,MASCULINO,CASADO,GOIANA,Residencial Balneário,Vendedor (a),1,,4,,pofem29633@1heizi.com
187,ABNADABE Silva,4/29/1983,38,31 a 50 anos,MASCULINO,CASADO,GOIANA,Jardim Diamantina,Gestão de Recursos Humanos,2,,4,,pofem29633@1heizi.com
189,ABRANTES Barbosa,11/8/1982,39,31 a 50 anos,MASCULINO,CASADO,GOIANA,Parque das Flores,Vendedor (a),0,,5,,pofem29633@1heizi.com
190,ABIMAEL Pinto,5/1/1982,39,31 a 50 anos,MASCULINO,CASADO,GOIANA,Sevene,Vendedor (a),0,,1,,pofem29633@1heizi.com
193,ADSON Freitas,2/1/1981,40,31 a 50 anos,MASCULINO,CASADO,GOIANA,São Geraldo,Hotelaria,3,,8,,pofem29633@1heizi.com
198,ABMAEL DORES SANTOS,6/7/1979,42,31 a 50 anos,MASCULINO,CASADO,GOIANA,Itatiaia,Vendedor (a),2,,4,,pofem29633@1heizi.com
199,ABRAHAM Carvalho,3/16/1979,42,31 a 50 anos,MASCULINO,CASADO,GOIANA,Maria Lourença,Vendedor (a),2,,7,,pofem29633@1heizi.com
208,ADMARIO GAUDINO,5/25/1975,46,31 a 50 anos,MASCULINO,CASADO,GOIANA,Jaó,Comércio Exterior,3,,7,,pofem29633@1heizi.com
209,ACAIO Castro,5/20/1975,46,31 a 50 anos,MASCULINO,CASADO,GOIANA,Vale dos Sonhos,Defesa e Gestão Estratégica Internacional,0,,7,,pofem29633@1heizi.com
211,ABISALAO Rodrigues,1/25/1974,48,31 a 50 anos,MASCULINO,CASADO,GOIANA,Atalaia,Gestão Comercial,2,,10,,pofem29633@1heizi.com
214,ABNADAB CUNHA,3/2/1973,48,31 a 50 anos,MASCULINO,CASADO,GOIANA,Jardim Bom Jesus,Gestão de Seguros,2,,5,,pofem29633@1heizi.com
219,ABRAMO Freitas,6/29/1970,51,maior que 50 anos,MASCULINO,CASADO,GOIANA,Parque Balneário,Logística,2,,6,,pofem29633@1heizi.com
220,ACADIO Dias,4/24/1970,51,maior que 50 anos,MASCULINO,CASADO,GOIANA,Vale da Serra,Marketing,3,,8,,pofem29633@1heizi.com
224,ABISMAEL Almeida,11/3/1968,53,maior que 50 anos,MASCULINO,CASADO,GOIANA,Caraíbas,Segurança Pública,1,,6,,pofem29633@1heizi.com
226,ABNER Almeida,3/12/1967,55,maior que 50 anos,MASCULINO,CASADO,GOIANA,José Viandeli,Empresário,2,,8,,pofem29633@1heizi.com
234,14133 Costa,1/14/1998,23,18 a 30 anos,MASCULINO,SOLTEIRO,GOIANA,Jardim Guanabara,Estudante,0,,8,,pofem29633@1heizi.com
236,ACARCIO Campos,1/14/1998,23,18 a 30 anos,MASCULINO,SOLTEIRO,GOIANA,Vila Clemente,Estudante,0,,6,,pofem29633@1heizi.com
237,ABISAI Carvalho,1/14/1998,23,18 a 30 anos,MASCULINO,SOLTEIRO,GOIANA,Guarema,Estudante,0,,10,,pofem29633@1heizi.com
239,ABSALAO Monteiro,1/14/1998,23,18 a 30 anos,MASCULINO,CASADO,GOIANA,Residencial Guanabara,Estudante,0,,1,,pofem29633@1heizi.com
245,ABISAI Oliveira,1/14/1998,23,18 a 30 anos,MASCULINO,CASADO,GOIANA,Antônio Carlos Pires,Estudante,0,,4,,pofem29633@1heizi.com
247,ADNAEL Araújo,5/2/1960,61,maior que 50 anos,MASCULINO,CASADO,GOIANA,Mansões Goianas,Balconista,3,,2,,pofem29633@1heizi.com
275,ADNALDO Rodrigues,5/6/1991,30,31 a 50 anos,MASCULINO,DIVORCIADO,GOIANA,João Paulo II,Gestão de Segurança Privada,3,,8,,pofem29633@1heizi.com
285,ADNAEL Santos,11/26/1997,23,18 a 30 anos,MASCULINO,SEPARADO,GOIANA,Jardim Ipê,Vendedor (a),2,,7,,pofem29633@1heizi.com
290,ABRAHAM Barros,1/11/1989,32,31 a 50 anos,MASCULINO,SEPARADO,GOIANA,Panorama Parque,Empresário,3,,5,,pofem29633@1heizi.com
298,ABRAHAM Rocha,8/29/1999,22,18 a 30 anos,MASCULINO,SOLTEIRO,GOIANA,Morada do Ipê,Estudante,0,,6,,pofem29633@1heizi.com
306,ABRAAO Ribeiro,11/21/1991,29,18 a 30 anos,MASCULINO,SOLTEIRO,GOIANA,Morumbi,Vendedor (a),1,,7,,pofem29633@1heizi.com
313,ABUD Barbosa,3/25/1986,35,31 a 50 anos,MASCULINO,SOLTEIRO,GOIANA,São Judas Tadeu,Empresário,1,,2,,pofem29633@1heizi.com
315,ABISAI Pereira,7/5/1984,37,31 a 50 anos,MASCULINO,SOLTEIRO,GOIANA,Asa Branca,Dentista,1,,9,,pofem29633@1heizi.com
319,ADISON Nascimento,10/10/1982,39,31 a 50 anos,MASCULINO,SOLTEIRO,GOIANA,Felicidade,Vendedor (a),0,,4,,pofem29633@1heizi.com
333,ADMAR MENDES JÚNIOR,1/21/1970,52,maior que 50 anos,MASCULINO,SOLTEIRO,GOIANA,Itamaracá,Ciências Econômicas,2,,1,,pofem29633@1heizi.com
336,ABSAIR Ribeiro,12/28/1967,54,maior que 50 anos,MASCULINO,SOLTEIRO,GOIANA,Residencial das Acácias,Gastronomia,3,,8,,pofem29633@1heizi.com
339,ADRA Fernandes,11/26/1965,56,maior que 50 anos,MASCULINO,SOLTEIRO,GOIANA,Maria Dilce,Gestão de Segurança Privada,1,,8,,pofem29633@1heizi.com
340,289 Dias,4/2/1964,58,maior que 50 anos,MASCULINO,SOLTEIRO,GOIANA,Pindorama,Gestão de Seguros,3,,7,,pofem29633@1heizi.com
344,14133 Oliveira,12/7/1959,62,maior que 50 anos,MASCULINO,SOLTEIRO,GOIANA,Jardim Pompeia,Hotelaria,1,,3,,pofem29633@1heizi.com
345,ABSAIR Alves,7/11/1959,62,maior que 50 anos,MASCULINO,SOLTEIRO,GOIANA,Residencial dos Ipês,Logística,1,,4,,pofem29633@1heizi.com
346,ABISSALAO Lima,3/28/1959,63,maior que 50 anos,MASCULINO,SOLTEIRO,GOIANA,Gentil Meireles,Marketing,2,,6,,pofem29633@1heizi.com
368,ADRIAN Monteiro,1/9/1987,34,31 a 50 anos,MASCULINO,VIÚVO,GOIANA,Nossa Morada,Oftálmica,2,,4,,pofem29633@1heizi.com
369,ABRAHAM Martins,4/26/1986,35,31 a 50 anos,MASCULINO,VIÚVO,GOIANA,Morada do Bosque,Optometria,3,,1,,pofem29633@1heizi.com
371,32296 Pinto,12/19/1982,39,31 a 50 anos,MASCULINO,VIÚVO,GOIANA,Parque das Nações,Estética e Cosmética,1,,1,,pofem29633@1heizi.com
375,ADRIAN Mendes,8/10/1978,43,31 a 50 anos,MASCULINO,VIÚVO,GOIANA,Orlando de Morais,Gerontologia,1,,9,,pofem29633@1heizi.com
377,ABISAEL Costa,1/10/1977,45,31 a 50 anos,MASCULINO,VIÚVO,GOIANA,Alice Barbosa,Gestão em Saúde,0,,9,,pofem29633@1heizi.com
403,ADELAR Oliveira,1/2/1996,25,18 a 30 anos,FEMININO,SOLTEIRO,GOIANA,Humaitá,Optometria,1,,4,,pofem29633@1heizi.com
415,ACACIA Moura,4/22/1991,30,31 a 50 anos,FEMININO,CASADO,GOIANA,Shangri-lá,Negócios Imobiliários,1,,6,,pofem29633@1heizi.com
417,ABKEILA Gomes,1/23/1991,30,31 a 50 anos,FEMININO,CASADO,GOIANA,Hugo de Moraes,Processos Gerenciais,0,,7,,pofem29633@1heizi.com
419,ABNOAN Nascimento,7/8/1990,31,31 a 50 anos,FEMININO,CASADO,GOIANA,Licardino Ney,Turismo,0,,8,,pofem29633@1heizi.com
437,ADRELINA Moura,7/13/1983,38,31 a 50 anos,FEMININO,CASADO,GOIANA,Parque dos Cisnes,Vendedor (a),0,,2,,pofem29633@1heizi.com
439,ABISAGUE Santos,9/2/1982,39,31 a 50 anos,FEMININO,CASADO,GOIANA,Antônio Barbosa,Vendedor (a),0,,7,,pofem29633@1heizi.com
443,ADNA GADELHA,1/5/1981,41,31 a 50 anos,FEMININO,CASADO,GOIANA,Jardim Balneário Meia Ponte,Empresário,0,,6,,pofem29633@1heizi.com
457,ADRELINA Castro,5/18/1976,45,31 a 50 anos,FEMININO,CASADO,GOIANA,Portal da Mata,Gestão Pública,3,,0,,pofem29633@1heizi.com
493,221 Lima,12/9/1962,59,maior que 50 anos,FEMININO,DIVORCIADO,GOIANA,Mansões do Campus,Vendedor (a),2,,1,,pofem29633@1heizi.com
499,ADILENE FIALHO,3/24/1959,63,maior que 50 anos,FEMININO,DIVORCIADO,GOIANA,Itanhangá,Personal Treiner,2,,6,,pofem29633@1heizi.com
1,Edmilson Torres,6/27/1966,55,maior que 50 anos,MASCULINO,CASADO,JOÃO_PESSOA,Água Fria,Vendedor (a),1,99001,2,,pofem29633@1heizi.com
2,Margarete Araújo,5/4/1971,50,31 a 50 anos,FEMININO,SEPARADO,JOÃO_PESSOA,Anatólia,Dentista,2,99002,0,,pofem29633@1heizi.com
3,Rogério Marcolino,1/27/1987,34,31 a 50 anos,MASCULINO,SOLTEIRO,JOÃO_PESSOA,Bairros das Indústrias,Vendedor (a),0,99003,1,,pofem29633@1heizi.com
4,Eduardo Henrique Medeiros,5/23/2000,21,18 a 30 anos,MASCULINO,SOLTEIRO,JOÃO_PESSOA,Bancários,Estudante,0,99004,0,,pofem29633@1heizi.com
7,Wellington Rodrigues,8/15/1988,33,31 a 50 anos,MASCULINO,CASADO,JOÃO_PESSOA,Cidade dos Colibris,Bancário,1,99007,6,,pofem29633@1heizi.com
8,Felipe Santos,1/29/1945,77,maior que 50 anos,MASCULINO,DIVORCIADO,JOÃO_PESSOA,Cidade Verde,aposentado,4,99008,8,,pofem29633@1heizi.com
10,Samuel Macena,8/30/1981,40,31 a 50 anos,MASCULINO,SOLTEIRO,JOÃO_PESSOA,Colinas do Sul,Promotor de Vendas,0,99010,5,,pofem29633@1heizi.com
13,Raquel ataede,2/15/1979,42,31 a 50 anos,FEMININO,CASADO,JOÃO_PESSOA,Costa e Silva,Bibliotecaria,2,99013,2,,pofem29633@1heizi.com
14,Lindalva Firmino,10/13/1962,59,maior que 50 anos,FEMININO,VIÚVO,JOÃO_PESSOA,Cuiá,Vendedor (a),3,99014,4,,pofem29633@1heizi.com
15,Edinarte Basílio,4/16/2005,16,Até 18 anos,MASCULINO,SOLTEIRO,JOÃO_PESSOA,Distrito Industrial,Estudante,0,99015,6,,pofem29633@1heizi.com
18,Kaline Brito,9/3/1963,58,maior que 50 anos,FEMININO,SEPARADO,JOÃO_PESSOA,Ernâni Sátiro,comerciante,3,99018,1,,pofem29633@1heizi.com
21,Maria Clara Torres,10/25/1969,52,maior que 50 anos,FEMININO,SOLTEIRO,JOÃO_PESSOA,Ernesto Geisel,aposentado,0,99021,5,,pofem29633@1heizi.com
22,Maria Helena Pontes,8/2/1962,59,maior que 50 anos,FEMININO,DIVORCIADO,JOÃO_PESSOA,Funcionários,aposentado,2,99022,8,,pofem29633@1heizi.com
24,Geane Belo,7/29/1998,23,18 a 30 anos,FEMININO,DIVORCIADO,JOÃO_PESSOA,Gramame,Diarista,1,99024,6,,pofem29633@1heizi.com
25,Allana Araújo,3/21/1975,46,31 a 50 anos,FEMININO,CASADO,JOÃO_PESSOA,Grotão,Vendedor (a),2,99025,1,,pofem29633@1heizi.com
26,Bianca Araújo,11/27/1960,61,maior que 50 anos,FEMININO,DIVORCIADO,JOÃO_PESSOA,Jardim Cidade Universitária,aposentado,2,99026,1,,pofem29633@1heizi.com
27,Cinthia Carla,4/14/1962,60,maior que 50 anos,FEMININO,SOLTEIRO,JOÃO_PESSOA,Jardim São Paulo,aposentado,0,99027,7,,pofem29633@1heizi.com
28,Reny Gleicy Marculino,2/18/1985,36,31 a 50 anos,MASCULINO,SOLTEIRO,JOÃO_PESSOA,João Paulo II,Enfermeiro,1,99028,5,,pofem29633@1heizi.com
29,Jennefer Olegário,11/4/1986,35,31 a 50 anos,FEMININO,CASADO,JOÃO_PESSOA,José Américo,comerciante,2,99029,2,,pofem29633@1heizi.com
31,Kassia Brito,6/14/1978,43,31 a 50 anos,FEMININO,CASADO,JOÃO_PESSOA,Mangabeira,Balconista,5,99031,3,,pofem29633@1heizi.com
32,Janaina Belo,11/26/1964,57,maior que 50 anos,FEMININO,VIÚVO,JOÃO_PESSOA,Água Fria,Enfermeiro,2,99032,6,,pofem29633@1heizi.com
33,Josielison Pereira,4/15/1975,46,31 a 50 anos,MASCULINO,CASADO,JOÃO_PESSOA,Anatólia,Bancário,1,99033,2,,pofem29633@1heizi.com
35,Cristovão Lucena,11/2/1997,23,18 a 30 anos,MASCULINO,SOLTEIRO,JOÃO_PESSOA,Bairros das Indústrias,Estudante,0,99035,3,,pofem29633@1heizi.com
36,Maria de Fátima Cavalcante,6/15/1982,39,31 a 50 anos,FEMININO,SOLTEIRO,JOÃO_PESSOA,Bancários,Balconista,2,99036,10,,pofem29633@1heizi.com
38,Jonas Luna,8/16/1978,43,31 a 50 anos,MASCULINO,CASADO,JOÃO_PESSOA,Cidade dos Colibris,Promotor de Vendas,1,99038,2,,pofem29633@1heizi.com
39,Leonardo Rosas,9/15/1966,55,maior que 50 anos,MASCULINO,DIVORCIADO,JOÃO_PESSOA,Cidade Verde,Vendedor (a),2,99039,1,,pofem29633@1heizi.com
40,Júlio Guimarães,9/26/1988,33,31 a 50 anos,MASCULINO,SOLTEIRO,JOÃO_PESSOA,Colinas do Sul,Dentista,0,99040,4,,pofem29633@1heizi.com
41,Claudia Pereira,9/13/1996,25,18 a 30 anos,FEMININO,SOLTEIRO,JOÃO_PESSOA,Costa e Silva,médico,0,99041,8,,pofem29633@1heizi.com
43,Aparecida Araújo,4/17/1997,24,18 a 30 anos,FEMININO,CASADO,JOÃO_PESSOA,Cuiá,Diarista,4,99043,2,,pofem29633@1heizi.com
44,Juliana Albuquerque,5/17/1964,57,maior que 50 anos,FEMININO,VIÚVO,JOÃO_PESSOA,Distrito Industrial,comerciante,3,99044,3,,pofem29633@1heizi.com
46,Eduardo Petrelly,3/3/1943,79,maior que 50 anos,MASCULINO,DIVORCIADO,JOÃO_PESSOA,Ernâni Sátiro,aposentado,2,99046,5,,pofem29633@1heizi.com
48,Joel Cavalcante,7/20/1961,60,maior que 50 anos,MASCULINO,SEPARADO,JOÃO_PESSOA,Ernesto Geisel,Professor,3,99048,9,,pofem29633@1heizi.com
49,Joherbson Calixto,10/1/1995,26,18 a 30 anos,MASCULINO,SOLTEIRO,JOÃO_PESSOA,Funcionários,Personal Treiner,0,99049,7,,pofem29633@1heizi.com
50,CAIO CESAR CUNHA,12/13/1993,27,18 a 30 anos,MASCULINO,SOLTEIRO,JOÃO_PESSOA,Gramame,Estudante,0,99050,9,,pofem29633@1heizi.com
52,DANIELLY COSTA,9/2/1968,53,maior que 50 anos,FEMININO,DIVORCIADO,JOÃO_PESSOA,Grotão,aposentado,3,99052,8,,pofem29633@1heizi.com
55,GEAZY NEVES COSTA,4/25/1957,65,maior que 50 anos,MASCULINO,CASADO,JOÃO_PESSOA,Jardim Cidade Universitária,Dentista,1,99055,9,,pofem29633@1heizi.com
56,GLORIA STHEFFANIE BARBOSA,7/8/1994,27,18 a 30 anos,FEMININO,SEPARADO,JOÃO_PESSOA,Jardim São Paulo,médico,1,99056,9,,pofem29633@1heizi.com
57,JENNYFER CRISTINA SANTOS,11/8/1987,34,31 a 50 anos,FEMININO,CASADO,JOÃO_PESSOA,João Paulo II,Agricultor,2,99057,9,,pofem29633@1heizi.com
58,JOAO LUCAS PEREIRA,8/24/1994,27,18 a 30 anos,MASCULINO,SOLTEIRO,JOÃO_PESSOA,José Américo,Estudante,0,99058,8,,pofem29633@1heizi.com
59,JOHERBSON COELHO,6/13/1936,86,maior que 50 anos,MASCULINO,DIVORCIADO,JOÃO_PESSOA,Mangabeira,aposentado,2,99059,1,,pofem29633@1heizi.com
60,JONATAS GUEDES MUNIZ,11/23/1937,84,maior que 50 anos,MASCULINO,VIÚVO,JOÃO_PESSOA,Água Fria,aposentado,2,99060,5,,pofem29633@1heizi.com
63,JOSE NOBERTO MARTINS,7/8/1940,82,maior que 50 anos,MASCULINO,CASADO,JOÃO_PESSOA,Anatólia,aposentado,2,99063,2,,pofem29633@1heizi.com
64,LEANDRO QUEIROZ AGUIAR,10/27/1988,33,31 a 50 anos,MASCULINO,SOLTEIRO,JOÃO_PESSOA,Bairros das Indústrias,Personal Treiner,0,99064,3,,pofem29633@1heizi.com
66,LUCAS HONORATO ROCHA,4/3/1979,42,31 a 50 anos,MASCULINO,CASADO,JOÃO_PESSOA,Bancários,Balconista,1,99066,4,,pofem29633@1heizi.com
67,LUCAS MAGNO PEREIRA,4/29/1956,66,maior que 50 anos,MASCULINO,DIVORCIADO,JOÃO_PESSOA,Cidade dos Colibris,comerciante,2,99067,6,,pofem29633@1heizi.com
70,MARILIA KAROL PONTES,10/26/1977,44,31 a 50 anos,FEMININO,CASADO,JOÃO_PESSOA,Cidade Verde,Dentista,4,99070,3,,pofem29633@1heizi.com
71,MATHEUS SILVA,5/4/1942,80,maior que 50 anos,MASCULINO,DIVORCIADO,JOÃO_PESSOA,Colinas do Sul,aposentado,3,99071,8,,pofem29633@1heizi.com
73,PEDRO PAULO PIMENTEL,3/26/2003,18,Até 18 anos,MASCULINO,SOLTEIRO,JOÃO_PESSOA,Costa e Silva,Estudante,0,99073,10,,pofem29633@1heizi.com
75,RICARDO JORGE CABRAL,2/17/2003,18,18 a 30 anos,MASCULINO,SOLTEIRO,JOÃO_PESSOA,Cuiá,Estudante,0,99075,6,,pofem29633@1heizi.com
77,SHERLA SHAUANE SANTOS,8/29/1968,53,maior que 50 anos,FEMININO,DIVORCIADO,JOÃO_PESSOA,Distrito Industrial,aposentado,2,99077,4,,pofem29633@1heizi.com
78,WILLIAN LUCAS NASCIMENTO,1/12/1982,39,31 a 50 anos,MASCULINO,CASADO,JOÃO_PESSOA,Ernâni Sátiro,Professor,1,99078,2,,pofem29633@1heizi.com
79,WLLISES VICENTE DINIZ,10/10/1947,74,maior que 50 anos,MASCULINO,CASADO,JOÃO_PESSOA,Ernesto Geisel,Personal Treiner,1,99079,4,,pofem29633@1heizi.com
80,ELIANA JORDANA COSTA,5/17/1970,51,maior que 50 anos,FEMININO,CASADO,JOÃO_PESSOA,Funcionários,Professor,2,99080,7,,pofem29633@1heizi.com
81,ADRIANO SILVA,10/7/1938,83,maior que 50 anos,MASCULINO,DIVORCIADO,JOÃO_PESSOA,Gramame,aposentado,2,99081,1,,pofem29633@1heizi.com
82,ALESSANDRO FERREIRA,7/14/1958,63,maior que 50 anos,MASCULINO,DIVORCIADO,JOÃO_PESSOA,Grotão,comerciante,3,99082,4,,pofem29633@1heizi.com
85,CALINE MARIA PEREIRA,6/21/1961,60,maior que 50 anos,FEMININO,SOLTEIRO,JOÃO_PESSOA,Jardim Cidade Universitária,Dentista,0,99085,5,,pofem29633@1heizi.com
86,CLAUDIO BOSTON,9/2/2000,21,18 a 30 anos,MASCULINO,SOLTEIRO,JOÃO_PESSOA,Jardim São Paulo,Estudante,0,99086,0,,pofem29633@1heizi.com
87,CLAUDIO LIMA,10/18/1941,80,maior que 50 anos,MASCULINO,DIVORCIADO,JOÃO_PESSOA,João Paulo II,aposentado,4,99087,8,,pofem29633@1heizi.com
88,DANIEL TANER,6/11/1958,63,maior que 50 anos,MASCULINO,CASADO,JOÃO_PESSOA,José Américo,Diarista,2,99088,4,,pofem29633@1heizi.com
89,DAVISON PIRES,1/8/1967,55,maior que 50 anos,MASCULINO,SOLTEIRO,JOÃO_PESSOA,Mangabeira,comerciante,0,99089,9,,pofem29633@1heizi.com
90,DIEGO BORGES,3/13/1941,81,maior que 50 anos,MASCULINO,CASADO,JOÃO_PESSOA,Água Fria,aposentado,3,99090,6,,pofem29633@1heizi.com
91,EDUARDO PINTO,4/6/1987,34,31 a 50 anos,MASCULINO,SOLTEIRO,JOÃO_PESSOA,Anatólia,Personal Treiner,1,99091,5,,pofem29633@1heizi.com
94,GABRIEL SILVA,9/4/1949,72,maior que 50 anos,MASCULINO,CASADO,JOÃO_PESSOA,Bairros das Indústrias,Personal Treiner,1,99094,8,,pofem29633@1heizi.com
95,GLEICY ARAÚJO,6/3/1995,26,18 a 30 anos,FEMININO,CASADO,JOÃO_PESSOA,Bancários,Vendedor (a),2,99095,2,,pofem29633@1heizi.com
96,ISAC SOUZA,5/19/1945,77,maior que 50 anos,MASCULINO,VIÚVO,JOÃO_PESSOA,Cidade dos Colibris,aposentado,1,99096,6,,pofem29633@1heizi.com
97,JAIR GONÇALVES SANTOS,2/26/1988,33,31 a 50 anos,MASCULINO,SOLTEIRO,JOÃO_PESSOA,Cidade Verde,Vendedor (a),0,99097,1,,pofem29633@1heizi.com
98,JAMILA SOARES FAUSTO,7/15/1974,47,31 a 50 anos,FEMININO,CASADO,JOÃO_PESSOA,Colinas do Sul,Personal Treiner,3,99098,10,,pofem29633@1heizi.com
100,JHEISON WILLIAN FERREIRA,7/30/1935,87,maior que 50 anos,MASCULINO,VIÚVO,JOÃO_PESSOA,Costa e Silva,aposentado,3,99100,6,,pofem29633@1heizi.com
101,JOÃO BATISTA ALENCAR,2/6/1992,29,18 a 30 anos,MASCULINO,SOLTEIRO,JOÃO_PESSOA,Cuiá,Bancário,0,99101,10,,pofem29633@1heizi.com
103,JORGE LUIZ FERREIRA,7/9/1966,55,maior que 50 anos,MASCULINO,CASADO,JOÃO_PESSOA,Distrito Industrial,Cozinheiro,2,99103,3,,pofem29633@1heizi.com
107,JOSÉ VICTOR GOMES,4/21/1945,77,maior que 50 anos,MASCULINO,CASADO,JOÃO_PESSOA,Ernâni Sátiro,aposentado,2,99107,4,,pofem29633@1heizi.com
110,KATHIANE JAILSA MENDES,9/12/1959,62,maior que 50 anos,FEMININO,SOLTEIRO,JOÃO_PESSOA,Ernesto Geisel,Vendedor (a),1,99110,1,,pofem29633@1heizi.com
113,MALRICARLOS PEREIRA SILVA,1/12/1980,42,31 a 50 anos,MASCULINO,SEPARADO,JOÃO_PESSOA,Funcionários,comerciante,1,99113,8,,pofem29633@1heizi.com
115,MANOEL SIMPLICIO EVESDA SILVA NETO,7/26/2001,20,18 a 30 anos,MASCULINO,SOLTEIRO,JOÃO_PESSOA,Gramame,Estudante,0,99115,0,,pofem29633@1heizi.com
116,MARIA JESSICA FERREIRA,5/26/2002,19,18 a 30 anos,FEMININO,SOLTEIRO,JOÃO_PESSOA,Grotão,Estudante,0,99116,10,,pofem29633@1heizi.com
119,MILENESILVA PAES,4/30/1999,22,18 a 30 anos,FEMININO,CASADO,JOÃO_PESSOA,Jardim Cidade Universitária,Recepcionista,0,99119,4,,pofem29633@1heizi.com
120,NYVIA SHAYELLY SANTOS,7/27/1969,52,maior que 50 anos,FEMININO,CASADO,JOÃO_PESSOA,Jardim São Paulo,Recepcionista,1,99120,7,,pofem29633@1heizi.com
122,RENATHA CRISTINA TAVARES,4/12/1983,38,31 a 50 anos,FEMININO,CASADO,JOÃO_PESSOA,João Paulo II,Enfermeiro,2,99122,4,,pofem29633@1heizi.com
123,ROBERTO KEVEN FREITAS,4/23/1969,52,maior que 50 anos,MASCULINO,CASADO,JOÃO_PESSOA,José Américo,COMERCIANTE,1,99123,0,,pofem29633@1heizi.com
126,SANDRA MARA ALAMO,9/9/1966,55,maior que 50 anos,FEMININO,CASADO,JOÃO_PESSOA,Mangabeira,Enfermeiro,2,99126,1,,pofem29633@1heizi.com
127,THALLISON TARCÍSIO FILHO,3/25/1944,78,maior que 50 anos,MASCULINO,DIVORCIADO,JOÃO_PESSOA,Água Fria,aposentado,3,99127,2,,pofem29633@1heizi.com
132,ABDERMAN Castro,3/14/2000,21,18 a 30 anos,MASCULINO,CASADO,JOÃO_PESSOA,Bancários,Vendedor (a),0,,5,,pofem29633@1heizi.com
137,ABEDIAS Cardoso,12/10/1998,22,18 a 30 anos,MASCULINO,CASADO,JOÃO_PESSOA,Ernâni Sátiro,Agricultor,0,,7,,pofem29633@1heizi.com
139,ADEBAL Ribeiro,5/3/1998,23,18 a 30 anos,MASCULINO,CASADO,JOÃO_PESSOA,Ernesto Geisel,Empresário,1,,8,,pofem29633@1heizi.com
151,ABDISIO Monteiro,4/4/1995,26,18 a 30 anos,MASCULINO,CASADO,JOÃO_PESSOA,Cuiá,médico,2,,6,,pofem29633@1heizi.com
153,ABDER Dias,10/11/1994,27,18 a 30 anos,MASCULINO,CASADO,JOÃO_PESSOA,Bairros das Indústrias,Enfermeiro,2,,8,,pofem29633@1heizi.com
155,ABDIA Cardoso,6/24/1994,27,18 a 30 anos,MASCULINO,CASADO,JOÃO_PESSOA,Cidade Verde,Vendedor (a),0,,2,,pofem29633@1heizi.com
156,ADER Dias,5/9/1994,27,18 a 30 anos,MASCULINO,SOLTEIRO,JOÃO_PESSOA,Costa e Silva,Estudante,0,,2,,pofem29633@1heizi.com
158,5973 Silva,3/17/1994,27,18 a 30 anos,MASCULINO,SOLTEIRO,JOÃO_PESSOA,Cuiá,Estudante,0,,6,,pofem29633@1heizi.com
163,ABDI Campos,7/5/1992,29,18 a 30 anos,MASCULINO,CASADO,JOÃO_PESSOA,Cidade dos Colibris,Personal Treiner,1,,4,,pofem29633@1heizi.com
164,ADENILDO Santos,4/25/1992,29,18 a 30 anos,MASCULINO,CASADO,JOÃO_PESSOA,João Paulo II,Dentista,1,,9,,pofem29633@1heizi.com
166,ABDIEL Monteiro,8/24/1990,31,31 a 50 anos,MASCULINO,CASADO,JOÃO_PESSOA,Cuiá,Vendedor (a),1,,7,,pofem29633@1heizi.com
167,ABELARDO Cardoso,7/15/1990,31,31 a 50 anos,MASCULINO,CASADO,JOÃO_PESSOA,Mangabeira,Vendedor (a),2,,3,,pofem29633@1heizi.com
169,ABDNEGO Mendes,11/27/1989,31,31 a 50 anos,MASCULINO,CASADO,JOÃO_PESSOA,Água Fria,Promotor de Vendas,0,,1,,pofem29633@1heizi.com
170,ABELARD Castro,3/4/1998,23,18 a 30 anos,MASCULINO,SOLTEIRO,JOÃO_PESSOA,João Paulo II,Estudante,0,,0,,pofem29633@1heizi.com
175,ARAO Souza,9/26/1999,22,18 a 30 anos,MASCULINO,SOLTEIRO,JOÃO_PESSOA,Anatólia,Estudante,0,,8,,pofem29633@1heizi.com
177,ADEMOR Gomes,7/12/1986,35,31 a 50 anos,MASCULINO,CASADO,JOÃO_PESSOA,Gramame,Administração Pública,1,,5,,pofem29633@1heizi.com
178,ABADIO Nascimento,6/18/1986,35,31 a 50 anos,MASCULINO,CASADO,JOÃO_PESSOA,Cuiá,Agronegócios e Agropecuária,3,,9,,pofem29633@1heizi.com
183,ABDENIGO Pinto,10/25/1984,37,31 a 50 anos,MASCULINO,CASADO,JOÃO_PESSOA,Gramame,Comércio Exterior,0,,10,,pofem29633@1heizi.com
184,ABDER Alves,7/5/1984,37,31 a 50 anos,MASCULINO,CASADO,JOÃO_PESSOA,Costa e Silva,Defesa e Gestão Estratégica Internacional,0,,6,,pofem29633@1heizi.com
194,ADILHO Lima,6/19/1980,41,31 a 50 anos,MASCULINO,CASADO,JOÃO_PESSOA,Distrito Industrial,Logística,3,,4,,pofem29633@1heizi.com
195,ADA Santos,5/18/1980,41,31 a 50 anos,FEMININO,CASADO,JOÃO_PESSOA,Bancários,Marketing,0,,8,,pofem29633@1heizi.com
196,ABDENICO Barbosa,5/18/1980,41,31 a 50 anos,MASCULINO,CASADO,JOÃO_PESSOA,Funcionários,Negócios Imobiliários,3,,7,,pofem29633@1heizi.com
197,ADEILDO Barbosa,2/13/1980,41,31 a 50 anos,MASCULINO,CASADO,JOÃO_PESSOA,João Paulo II,Pilotagem profissional de aeronaves,1,,9,,pofem29633@1heizi.com
200,ADELMA Nascimento,1/6/1979,43,31 a 50 anos,MASCULINO,CASADO,JOÃO_PESSOA,Cuiá,Turismo,0,,9,,pofem29633@1heizi.com
201,ABILIO Pereira,8/9/1978,43,31 a 50 anos,MASCULINO,CASADO,JOÃO_PESSOA,Cidade Verde,Administração,1,,6,,pofem29633@1heizi.com
204,ABDO Barros,4/12/1978,43,31 a 50 anos,MASCULINO,CASADO,JOÃO_PESSOA,Anatólia,Ciências Aeronáuticas,2,,2,,pofem29633@1heizi.com
221,ACIDE Oliveira,1/29/1970,52,maior que 50 anos,MASCULINO,CASADO,JOÃO_PESSOA,Bancários,Negócios Imobiliários,2,,1,,pofem29633@1heizi.com
222,ABADIAS Almeida,8/16/1969,52,maior que 50 anos,MASCULINO,CASADO,JOÃO_PESSOA,Costa e Silva,Pilotagem profissional de aeronaves,1,,2,,pofem29633@1heizi.com
225,ABDIEL Alves,4/18/1967,54,maior que 50 anos,MASCULINO,CASADO,JOÃO_PESSOA,Costa e Silva,Turismo,0,,7,,pofem29633@1heizi.com
227,ABDU Moura,2/12/1967,55,maior que 50 anos,MASCULINO,CASADO,JOÃO_PESSOA,Cidade Verde,Vendedor (a),0,,4,,pofem29633@1heizi.com
230,ABDENAGO Barros,9/9/1997,24,18 a 30 anos,MASCULINO,SOLTEIRO,JOÃO_PESSOA,Ernâni Sátiro,Estudante,0,,1,,pofem29633@1heizi.com
231,ABDON Freitas,9/9/1997,24,18 a 30 anos,MASCULINO,SOLTEIRO,JOÃO_PESSOA,Bairros das Indústrias,Estudante,0,,7,,pofem29633@1heizi.com
233,ABADE Oliveira,9/9/1997,24,18 a 30 anos,MASCULINO,SOLTEIRO,JOÃO_PESSOA,Cidade dos Colibris,Estudante,0,,9,,pofem29633@1heizi.com
235,ABENAIAS Silva,9/9/1997,24,18 a 30 anos,MASCULINO,SOLTEIRO,JOÃO_PESSOA,Grotão,Estudante,0,,9,,pofem29633@1heizi.com
238,ADECIO Castro,5/5/1964,57,maior que 50 anos,MASCULINO,CASADO,JOÃO_PESSOA,Cuiá,médico,1,,8,,pofem29633@1heizi.com
240,ABDALA Gomes,1/1/1963,59,maior que 50 anos,MASCULINO,CASADO,JOÃO_PESSOA,Bancários,Enfermeiro,1,,8,,pofem29633@1heizi.com
244,ADENIR Pereira,9/9/1997,24,18 a 30 anos,MASCULINO,SOLTEIRO,JOÃO_PESSOA,Mangabeira,Estudante,0,,4,,pofem29633@1heizi.com
249,ADEMIL Carvalho,3/20/1959,63,maior que 50 anos,MASCULINO,CASADO,JOÃO_PESSOA,Funcionários,Empresário,0,,9,,pofem29633@1heizi.com
250,ACIEL Almeida,11/3/1994,26,18 a 30 anos,MASCULINO,CASADO,JOÃO_PESSOA,Colinas do Sul,Personal Treiner,1,,10,,pofem29633@1heizi.com
251,ACELINO Monteiro,9/15/1991,30,18 a 30 anos,MASCULINO,CASADO,JOÃO_PESSOA,João Paulo II,Dentista,1,,9,,pofem29633@1heizi.com
252,ACELIO Mendes,6/10/1983,38,31 a 50 anos,MASCULINO,SOLTEIRO,JOÃO_PESSOA,José Américo,Vendedor (a),0,,9,,pofem29633@1heizi.com
253,ACILON Freitas,10/20/1989,32,31 a 50 anos,MASCULINO,CASADO,JOÃO_PESSOA,Jardim Cidade Universitária,Vendedor (a),3,,4,,pofem29633@1heizi.com
254,330 Barbosa,9/17/1989,32,31 a 50 anos,MASCULINO,CASADO,JOÃO_PESSOA,Jardim São Paulo,Vendedor (a),3,,3,,pofem29633@1heizi.com
255,ACIEL Cardoso,4/12/1983,38,31 a 50 anos,MASCULINO,SOLTEIRO,JOÃO_PESSOA,Bancários,Vendedor (a),0,,9,,pofem29633@1heizi.com
256,ACIOMAR Mendes,9/28/1996,25,18 a 30 anos,MASCULINO,CASADO,JOÃO_PESSOA,Costa e Silva,Promotor de Vendas,2,,3,,pofem29633@1heizi.com
257,5973 Pinto,11/6/1991,30,18 a 30 anos,MASCULINO,SOLTEIRO,JOÃO_PESSOA,Ernesto Geisel,Estudante,0,,2,,pofem29633@1heizi.com
258,ACISIO Alves,7/23/1989,32,31 a 50 anos,MASCULINO,SOLTEIRO,JOÃO_PESSOA,Mangabeira,Vendedor (a),0,,0,,pofem29633@1heizi.com
278,ALINE Silva,10/12/1977,44,31 a 50 anos,FEMININO,DIVORCIADO,JOÃO_PESSOA,Água Fria,Gestão Financeira,3,,8,,pofem29633@1heizi.com
279,ABDIEL Cavalcanti,7/21/1972,49,31 a 50 anos,MASCULINO,DIVORCIADO,JOÃO_PESSOA,Colinas do Sul,Gestão Pública,2,,6,,pofem29633@1heizi.com
281,ACILDO Carvalho,11/25/1983,38,31 a 50 anos,MASCULINO,DIVORCIADO,JOÃO_PESSOA,Ernesto Geisel,Logística,2,,4,,pofem29633@1heizi.com
286,ABDON Barbosa,11/5/1996,24,18 a 30 anos,MASCULINO,SEPARADO,JOÃO_PESSOA,Bancários,Segurança Pública,2,,3,,pofem29633@1heizi.com
287,ABDAO Ribeiro,7/28/1993,28,18 a 30 anos,MASCULINO,SEPARADO,JOÃO_PESSOA,Colinas do Sul,Turismo,3,,1,,pofem29633@1heizi.com
288,ADELAR Dias,7/27/1991,30,18 a 30 anos,MASCULINO,SEPARADO,JOÃO_PESSOA,Jardim São Paulo,Administração,3,,5,,pofem29633@1heizi.com
293,ACIDINO Pereira,8/21/1979,42,31 a 50 anos,MASCULINO,SOLTEIRO,JOÃO_PESSOA,Cidade dos Colibris,Vendedor (a),0,,9,,pofem29633@1heizi.com
295,ACIOLI Monteiro,4/20/1983,38,31 a 50 anos,MASCULINO,SOLTEIRO,JOÃO_PESSOA,Colinas do Sul,Vendedor (a),0,,4,,pofem29633@1heizi.com
297,ARON Costa,10/20/2000,20,18 a 30 anos,MASCULINO,SOLTEIRO,JOÃO_PESSOA,Bairros das Indústrias,Estudante,0,,5,,pofem29633@1heizi.com
299,ABDENOR Cavalcanti,5/27/1999,22,18 a 30 anos,MASCULINO,SOLTEIRO,JOÃO_PESSOA,Anatólia,Estudante,0,,0,,pofem29633@1heizi.com
301,ABADI Pereira,7/24/1995,26,18 a 30 anos,MASCULINO,SOLTEIRO,JOÃO_PESSOA,Cidade Verde,Estudante,0,,0,,pofem29633@1heizi.com
304,ACIDIO Rodrigues,7/30/1994,27,18 a 30 anos,MASCULINO,SOLTEIRO,JOÃO_PESSOA,Cidade Verde,Enfermeiro,2,,4,,pofem29633@1heizi.com
305,ADELIRIO Rodrigues,10/16/1992,29,18 a 30 anos,MASCULINO,SOLTEIRO,JOÃO_PESSOA,Colinas do Sul,Personal Treiner,2,,1,,pofem29633@1heizi.com
309,ABDIEL Carvalho,3/27/1989,32,31 a 50 anos,MASCULINO,SOLTEIRO,JOÃO_PESSOA,Bairros das Indústrias,Vendedor (a),0,,5,,pofem29633@1heizi.com
310,ABEDENEGO Campos,7/4/1988,33,31 a 50 anos,MASCULINO,SOLTEIRO,JOÃO_PESSOA,Distrito Industrial,Bancário,3,,4,,pofem29633@1heizi.com
312,ABELARD Freitas,6/8/1986,35,31 a 50 anos,MASCULINO,SOLTEIRO,JOÃO_PESSOA,Jardim São Paulo,Vendedor (a),0,,3,,pofem29633@1heizi.com
321,ADILSON Fernandes,1/27/1982,39,31 a 50 anos,MASCULINO,SOLTEIRO,JOÃO_PESSOA,Ernesto Geisel,Vendedor (a),0,,5,,pofem29633@1heizi.com
327,ABDENIO Moura,10/15/1975,46,31 a 50 anos,MASCULINO,SOLTEIRO,JOÃO_PESSOA,Água Fria,Administração,2,,7,,pofem29633@1heizi.com
330,ABENER Oliveira,10/19/1972,49,31 a 50 anos,MASCULINO,SOLTEIRO,JOÃO_PESSOA,José Américo,Ciências Aeronáuticas,0,,3,,pofem29633@1heizi.com
335,ABDENEGO Freitas,1/20/1968,54,maior que 50 anos,MASCULINO,SOLTEIRO,JOÃO_PESSOA,Ernesto Geisel,Defesa e Gestão Estratégica Internacional,2,,3,,pofem29633@1heizi.com
337,ABDIAS Ribeiro,10/5/1967,54,maior que 50 anos,MASCULINO,SOLTEIRO,JOÃO_PESSOA,Colinas do Sul,Gestão Comercial,1,,6,,pofem29633@1heizi.com
338,ADILHO Araújo,9/10/1967,54,maior que 50 anos,MASCULINO,SOLTEIRO,JOÃO_PESSOA,Ernâni Sátiro,Gestão de Recursos Humanos,2,,8,,pofem29633@1heizi.com
341,ABEDON Monteiro,5/9/1963,58,maior que 50 anos,MASCULINO,SOLTEIRO,JOÃO_PESSOA,Gramame,Gestão de Turismo,3,,6,,pofem29633@1heizi.com
342,ABDORAL Pinto,5/17/1962,59,maior que 50 anos,MASCULINO,SOLTEIRO,JOÃO_PESSOA,Cidade dos Colibris,Gestão Financeira,2,,9,,pofem29633@1heizi.com
347,ABD Araújo,1/13/1959,63,maior que 50 anos,MASCULINO,SOLTEIRO,JOÃO_PESSOA,Água Fria,Negócios Imobiliários,2,,9,,pofem29633@1heizi.com
348,ACILO Barros,12/4/1981,40,31 a 50 anos,MASCULINO,SOLTEIRO,JOÃO_PESSOA,Mangabeira,Pilotagem profissional de aeronaves,3,,1,,pofem29633@1heizi.com
349,ACINELSON Cavalcanti,11/30/1960,61,maior que 50 anos,MASCULINO,SOLTEIRO,JOÃO_PESSOA,Mangabeira,Processos Gerenciais,3,,2,,pofem29633@1heizi.com
350,AKIO Campos,4/26/1961,60,maior que 50 anos,MASCULINO,SOLTEIRO,JOÃO_PESSOA,Bairros das Indústrias,Segurança Pública,2,,9,,pofem29633@1heizi.com
363,ADELINO Oliveira,1/23/1995,26,18 a 30 anos,MASCULINO,VIÚVO,JOÃO_PESSOA,Cidade dos Colibris,Musicoterapia,3,,9,,pofem29633@1heizi.com
364,ABDALLA Rocha,4/6/1994,27,18 a 30 anos,MASCULINO,VIÚVO,JOÃO_PESSOA,Cidade Verde,Naturologia,0,,1,,pofem29633@1heizi.com
370,ABDALLA Martins,11/20/1985,36,31 a 50 anos,MASCULINO,VIÚVO,JOÃO_PESSOA,Cidade dos Colibris,Psicologia,3,,0,,pofem29633@1heizi.com
372,ADAILTON Pinto,4/26/1982,39,31 a 50 anos,MASCULINO,VIÚVO,JOÃO_PESSOA,José Américo,Farmácia,0,,9,,pofem29633@1heizi.com
374,ADETE Lima,1/4/1979,43,31 a 50 anos,MASCULINO,VIÚVO,JOÃO_PESSOA,Distrito Industrial,Fonoaudiologia,0,,0,,pofem29633@1heizi.com
376,ABEDNEGO Alves,7/15/1978,43,31 a 50 anos,MASCULINO,VIÚVO,JOÃO_PESSOA,Funcionários,Gestão Desportiva e de Lazer,1,,0,,pofem29633@1heizi.com
379,ABDIEL Mendes,8/1/1974,47,31 a 50 anos,MASCULINO,VIÚVO,JOÃO_PESSOA,Distrito Industrial,Medicina,3,,2,,pofem29633@1heizi.com
380,42182 Moura,7/3/1972,49,31 a 50 anos,MASCULINO,VIÚVO,JOÃO_PESSOA,Mangabeira,Musicoterapia,1,,7,,pofem29633@1heizi.com
385,ACINDINO Pinto,2/21/1968,54,maior que 50 anos,MASCULINO,VIÚVO,JOÃO_PESSOA,João Paulo II,Oftálmica,1,,9,,pofem29633@1heizi.com
386,677 Ribeiro,7/30/1978,43,31 a 50 anos,MASCULINO,VIÚVO,JOÃO_PESSOA,Cidade dos Colibris,Optometria,3,,9,,pofem29633@1heizi.com
387,ACELINO Alves,1/8/1969,53,maior que 50 anos,MASCULINO,VIÚVO,JOÃO_PESSOA,Cidade Verde,Psicologia,0,,0,,pofem29633@1heizi.com
388,ACIRIO Campos,4/7/1987,34,31 a 50 anos,MASCULINO,VIÚVO,JOÃO_PESSOA,Jardim São Paulo,Estética e Cosmética,1,,1,,pofem29633@1heizi.com
393,ACILDA Fernandes,9/29/1999,22,18 a 30 anos,FEMININO,SOLTEIRO,JOÃO_PESSOA,Ernâni Sátiro,Gestão Desportiva e de Lazer,3,,5,,pofem29633@1heizi.com
394,ADELICIA Costa,7/29/1999,22,18 a 30 anos,FEMININO,SOLTEIRO,JOÃO_PESSOA,Bairros das Indústrias,Gestão em Saúde,3,,3,,pofem29633@1heizi.com
395,ACIARA Souza,1/28/1999,22,18 a 30 anos,FEMININO,SOLTEIRO,JOÃO_PESSOA,Água Fria,Gestão Hospitalar,2,,9,,pofem29633@1heizi.com
396,ACIRENE Cavalcanti,8/28/1998,23,18 a 30 anos,FEMININO,SOLTEIRO,JOÃO_PESSOA,Gramame,Medicina,1,,1,,pofem29633@1heizi.com
398,ACELIA Ribeiro,2/22/1998,23,18 a 30 anos,FEMININO,SOLTEIRO,JOÃO_PESSOA,Jardim Cidade Universitária,Naturologia,2,,6,,pofem29633@1heizi.com
401,ADELIR Silva,7/3/1996,25,18 a 30 anos,FEMININO,SOLTEIRO,JOÃO_PESSOA,Água Fria,Odontologia,0,,4,,pofem29633@1heizi.com
404,ADEJAIR Barros,9/30/1995,26,18 a 30 anos,FEMININO,SOLTEIRO,JOÃO_PESSOA,Jardim Cidade Universitária,Psicologia,1,,7,,pofem29633@1heizi.com
405,ACINETE Dias,9/3/1995,26,18 a 30 anos,FEMININO,CASADO,JOÃO_PESSOA,Água Fria,Gestão Comercial,0,,8,,pofem29633@1heizi.com
407,ACILEA Gomes,3/16/1995,26,18 a 30 anos,FEMININO,CASADO,JOÃO_PESSOA,Funcionários,Gestão de Segurança Privada,1,,9,,pofem29633@1heizi.com
409,ADELICE Souza,8/8/1993,28,18 a 30 anos,FEMININO,CASADO,JOÃO_PESSOA,Anatólia,Gestão de Turismo,2,,2,,pofem29633@1heizi.com
413,ABEGAIL Mendes,10/22/1991,30,18 a 30 anos,FEMININO,CASADO,JOÃO_PESSOA,Grotão,Logística,1,,3,,pofem29633@1heizi.com
414,ACELINA Alves,7/27/1991,30,18 a 30 anos,FEMININO,CASADO,JOÃO_PESSOA,Jardim São Paulo,Marketing,0,,3,,pofem29633@1heizi.com
416,ACIREMA Moura,4/5/1991,30,31 a 50 anos,FEMININO,CASADO,JOÃO_PESSOA,Funcionários,Pilotagem profissional de aeronaves,1,,7,,pofem29633@1heizi.com
418,ACIDALHA Costa,8/24/1990,31,31 a 50 anos,FEMININO,CASADO,JOÃO_PESSOA,Anatólia,Segurança Pública,2,,7,,pofem29633@1heizi.com
423,ACIOLE Nascimento,4/12/1988,33,31 a 50 anos,FEMININO,SOLTEIRO,JOÃO_PESSOA,Costa e Silva,Vendedor (a),0,,6,,pofem29633@1heizi.com
424,ACIRLENE Cardoso,3/14/1988,33,31 a 50 anos,FEMININO,SOLTEIRO,JOÃO_PESSOA,João Paulo II,Vendedor (a),0,,5,,pofem29633@1heizi.com
426,411 Barros,7/16/1986,35,31 a 50 anos,FEMININO,SOLTEIRO,JOÃO_PESSOA,Cuiá,Vendedor (a),0,,7,,pofem29633@1heizi.com
435,ACINEIDE Moura,10/8/1983,38,31 a 50 anos,FEMININO,CASADO,JOÃO_PESSOA,José Américo,Personal Treiner,3,,10,,pofem29633@1heizi.com
438,ADENAIDE Souza,7/3/1983,38,31 a 50 anos,FEMININO,SOLTEIRO,JOÃO_PESSOA,Jardim Cidade Universitária,Vendedor (a),0,,6,,pofem29633@1heizi.com
441,ACIONEIDE Freitas,3/19/1981,40,31 a 50 anos,FEMININO,CASADO,JOÃO_PESSOA,Distrito Industrial,Balconista,3,,3,,pofem29633@1heizi.com
446,AKISA Ribeiro,7/16/1979,42,31 a 50 anos,FEMININO,SOLTEIRO,JOÃO_PESSOA,José Américo,Vendedor (a),0,,9,,pofem29633@1heizi.com
447,ADELINA Santos,3/21/1978,43,31 a 50 anos,FEMININO,CASADO,JOÃO_PESSOA,Bancários,Vendedor (a),1,,9,,pofem29633@1heizi.com
454,ABADIA Rodrigues,9/12/1976,45,31 a 50 anos,FEMININO,CASADO,JOÃO_PESSOA,Colinas do Sul,Gestão de Seguros,2,,2,,pofem29633@1heizi.com
455,ABDA Fernandes,8/7/1976,45,31 a 50 anos,FEMININO,CASADO,JOÃO_PESSOA,Anatólia,Gestão de Turismo,3,,6,,pofem29633@1heizi.com
460,ACILENE Rocha,5/19/1975,46,31 a 50 anos,FEMININO,CASADO,JOÃO_PESSOA,Grotão,Marketing,3,,1,,pofem29633@1heizi.com
471,AKIRES Dias,10/12/1971,50,31 a 50 anos,FEMININO,SOLTEIRO,JOÃO_PESSOA,Grotão,Vendedor (a),0,,2,,pofem29633@1heizi.com
473,ADELAR Cavalcanti,10/21/1970,51,31 a 50 anos,FEMININO,SOLTEIRO,JOÃO_PESSOA,Jardim Cidade Universitária,Vendedor (a),0,,9,,pofem29633@1heizi.com
474,ACINTIA Castro,4/1/1970,51,maior que 50 anos,FEMININO,SOLTEIRO,JOÃO_PESSOA,Anatólia,aposentado,0,,1,,pofem29633@1heizi.com
476,ACIDALIA Santos,6/1/1969,52,maior que 50 anos,FEMININO,SOLTEIRO,JOÃO_PESSOA,Bairros das Indústrias,aposentado,0,,4,,pofem29633@1heizi.com
477,ACIRIA Castro,9/24/1968,53,maior que 50 anos,FEMININO,SOLTEIRO,JOÃO_PESSOA,Jardim Cidade Universitária,aposentado,0,,8,,pofem29633@1heizi.com
480,ABELARDA Campos,10/17/1967,54,maior que 50 anos,FEMININO,CASADO,JOÃO_PESSOA,José Américo,Enfermeiro,2,,6,,pofem29633@1heizi.com
481,ACILANE Araújo,10/12/1967,54,maior que 50 anos,FEMININO,CASADO,JOÃO_PESSOA,Distrito Industrial,Personal Treiner,0,,8,,pofem29633@1heizi.com
487,114 Barbosa,8/13/1965,56,maior que 50 anos,FEMININO,CASADO,JOÃO_PESSOA,Ernâni Sátiro,Balconista,3,,4,,pofem29633@1heizi.com
491,ADELITA Almeida,5/22/1963,58,maior que 50 anos,FEMININO,DIVORCIADO,JOÃO_PESSOA,Costa e Silva,Dentista,1,,5,,pofem29633@1heizi.com
492,835 Costa,12/22/1962,59,maior que 50 anos,FEMININO,SOLTEIRO,JOÃO_PESSOA,Jardim São Paulo,aposentado,0,,9,,pofem29633@1heizi.com
496,ACIENE Lima,3/19/1960,62,maior que 50 anos,FEMININO,DIVORCIADO,JOÃO_PESSOA,Cuiá,Promotor de Vendas,3,,7,,pofem29633@1heizi.com
498,ACILEIA Martins,9/11/1959,62,maior que 50 anos,FEMININO,DIVORCIADO,JOÃO_PESSOA,Gramame,Empresário,0,,1,,pofem29633@1heizi.com
62,JOSE GABRIEL RAMOS LIRA,6/13/1996,25,18 a 30 anos,MASCULINO,SOLTEIRO,NATAL,Candelária,Estudante,0,99062,6,,pofem29633@1heizi.com
72,MATHEUS COSTA,7/21/1992,29,18 a 30 anos,MASCULINO,CASADO,NATAL,Capim Macio,Agricultor,0,99072,1,,pofem29633@1heizi.com
92,ELIANA JARDIM,6/19/1960,61,maior que 50 anos,FEMININO,SOLTEIRO,NATAL,Cidade Alta,Atendente,0,99092,8,,pofem29633@1heizi.com
131,4205 Barros,4/6/2000,21,18 a 30 anos,MASCULINO,CASADO,NATAL,Capim Macio,Enfermeiro,0,,8,,pofem29633@1heizi.com
134,AKEMI Gomes,4/24/1948,74,maior que 50 anos,MASCULINO,CASADO,NATAL,Praia do Meio,aposentado,2,,7,,pofem29633@1heizi.com
146,ACCACIO Cavalcanti,6/28/1996,25,18 a 30 anos,MASCULINO,SOLTEIRO,NATAL,Felipe Camarão,Estudante,0,,1,,pofem29633@1heizi.com
154,ACILON Araújo,7/27/1994,27,18 a 30 anos,MASCULINO,CASADO,NATAL,Planalto,Personal Treiner,1,,4,,pofem29633@1heizi.com
173,ACELSO Fernandes,1/16/1988,33,31 a 50 anos,MASCULINO,CASADO,NATAL,Ponta Negra,comerciante,0,,5,,pofem29633@1heizi.com
179,ACIEL Silva,9/8/1985,36,31 a 50 anos,MASCULINO,CASADO,NATAL,Lagoa Seca,Ciências Aeronáuticas,3,,2,,pofem29633@1heizi.com
181,ACAZ Moura,8/23/1985,36,31 a 50 anos,MASCULINO,CASADO,NATAL,Dix-Sept Rosado,Ciências Contábeis,2,,5,,pofem29633@1heizi.com
203,ACENIL Oliveira,4/15/1978,43,31 a 50 anos,MASCULINO,CASADO,NATAL,Salinas,Agronegócios e Agropecuária,0,,5,,pofem29633@1heizi.com
216,ACASIO Alves,10/18/1971,50,31 a 50 anos,MASCULINO,CASADO,NATAL,Barro Vermelho,Gestão Financeira,2,,9,,pofem29633@1heizi.com
229,ACAUA Barbosa,11/12/1966,55,maior que 50 anos,MASCULINO,SOLTEIRO,NATAL,Cidade da Esperança,aposentado,0,,6,,pofem29633@1heizi.com
280,ACASSIANO Mendes,10/14/1961,60,maior que 50 anos,MASCULINO,DIVORCIADO,NATAL,Candelária,Hotelaria,2,,1,,pofem29633@1heizi.com
292,ACELMO Lima,10/23/1985,36,31 a 50 anos,MASCULINO,SOLTEIRO,NATAL,Pitimbu,Vendedor (a),0,,4,,pofem29633@1heizi.com
294,ACARI Cardoso,2/25/1976,45,31 a 50 anos,MASCULINO,SOLTEIRO,NATAL,Alecrim,Vendedor (a),0,,2,,pofem29633@1heizi.com
302,ACAUAN Pinto,10/2/1994,27,18 a 30 anos,MASCULINO,SOLTEIRO,NATAL,Cidade Nova,médico,1,,3,,pofem29633@1heizi.com
311,ACENDINO Costa,8/1/1987,34,31 a 50 anos,MASCULINO,SOLTEIRO,NATAL,Ribeira,Balconista,1,,4,,pofem29633@1heizi.com
320,ACIR Cardoso,10/5/1982,39,31 a 50 anos,MASCULINO,SOLTEIRO,NATAL,Lagoa Nova,Promotor de Vendas,3,,2,,pofem29633@1heizi.com
323,ACEDIR Campos,4/22/1981,40,31 a 50 anos,MASCULINO,SOLTEIRO,NATAL,Lagoa Azul,Vendedor (a),0,,6,,pofem29633@1heizi.com
332,ACARI Ribeiro,8/30/1971,50,31 a 50 anos,MASCULINO,SOLTEIRO,NATAL,Areia Preta,Ciências Contábeis,1,,9,,pofem29633@1heizi.com
361,ACEBIAS Dias,12/19/1997,23,18 a 30 anos,MASCULINO,VIÚVO,NATAL,Guarapes,Gestão Hospitalar,3,,7,,pofem29633@1heizi.com
362,ACEMAR Carvalho,4/1/1995,26,18 a 30 anos,MASCULINO,VIÚVO,NATAL,Potengi,Medicina,0,,3,,pofem29633@1heizi.com
366,ACELIO Almeida,8/21/1990,31,31 a 50 anos,MASCULINO,VIÚVO,NATAL,Pajuçara,Obstetrícia,3,,1,,pofem29633@1heizi.com
384,ACELINO Rodrigues,1/14/1966,56,maior que 50 anos,MASCULINO,VIÚVO,NATAL,Nova Descoberta,Odontologia,3,,7,,pofem29633@1heizi.com
390,ACATIA Freitas,5/10/2000,21,18 a 30 anos,FEMININO,SOLTEIRO,NATAL,Cidade Alta,Fisioterapia,3,,8,,pofem29633@1heizi.com
408,ACENDINA Souza,2/7/1995,26,18 a 30 anos,FEMININO,CASADO,NATAL,Redinha,Gestão de Seguros,3,,1,,pofem29633@1heizi.com
421,677 Costa,1/13/1989,32,31 a 50 anos,FEMININO,CASADO,NATAL,Neópolis,Vendedor (a),3,,4,,pofem29633@1heizi.com
425,ACENILDA Pereira,10/6/1986,35,31 a 50 anos,FEMININO,SOLTEIRO,NATAL,Santos Reis,Vendedor (a),0,,1,,pofem29633@1heizi.com
429,ACELINA Oliveira,8/12/1985,36,31 a 50 anos,FEMININO,SOLTEIRO,NATAL,Nossa Senhora da Apresentação,Vendedor (a),0,,9,,pofem29633@1heizi.com
431,AKILA Souza,6/27/1984,37,31 a 50 anos,FEMININO,SOLTEIRO,NATAL,Mãe Luíza,Vendedor (a),0,,3,,pofem29633@1heizi.com
434,ACIOLI Nascimento,10/12/1983,38,31 a 50 anos,FEMININO,CASADO,NATAL,Petrópolis,Enfermeiro,0,,4,,pofem29633@1heizi.com
453,ACELIA Santos,10/29/1976,45,31 a 50 anos,FEMININO,CASADO,NATAL,Nordeste,Gestão de Segurança Privada,1,,5,,pofem29633@1heizi.com
456,AKELINE Pereira,6/2/1976,45,31 a 50 anos,FEMININO,CASADO,NATAL,Nossa Senhora de Nazaré,Gestão Financeira,1,,8,,pofem29633@1heizi.com
469,ACASSIA Monteiro,10/8/1972,49,31 a 50 anos,FEMININO,SOLTEIRO,NATAL,Bom Pastor,Vendedor (a),0,,6,,pofem29633@1heizi.com
479,289 Santos,10/24/1967,54,maior que 50 anos,FEMININO,SOLTEIRO,NATAL,Rocas,aposentado,0,,4,,pofem29633@1heizi.com
482,ACENATE Silva,8/27/1967,54,maior que 50 anos,FEMININO,CASADO,NATAL,Quintas,Vendedor (a),0,,1,,pofem29633@1heizi.com
488,ACEDINA Castro,7/16/1965,56,maior que 50 anos,FEMININO,SOLTEIRO,NATAL,Igapó,aposentado,0,,7,,pofem29633@1heizi.com
497,ACENILDE Rodrigues,11/19/1959,62,maior que 50 anos,FEMININO,SOLTEIRO,NATAL,Tirol,aposentado,0,,3,,pofem29633@1heizi.com
23,Kivia Brito,2/7/1969,53,maior que 50 anos,FEMININO,CASADO,PATOS,São Sebastião,Vendedor (a),0,99023,9,,pofem29633@1heizi.com
30,Samuel Macena,6/4/1979,42,31 a 50 anos,MASCULINO,SEPARADO,PATOS,Santo Antônio,Promotor de Vendas,2,99030,7,,pofem29633@1heizi.com
34,Walter Cavalcante,3/13/1953,69,maior que 50 anos,MASCULINO,CASADO,PATOS,Liberdade,Atendente de Telemarketing,1,99034,3,,pofem29633@1heizi.com
37,Alline Araújo,12/28/1959,62,maior que 50 anos,FEMININO,CASADO,PATOS,Belo Horizonte,comerciante,1,99037,2,,pofem29633@1heizi.com
105,JOSE CARLOS MOTA,11/9/1995,25,18 a 30 anos,MASCULINO,SOLTEIRO,PATOS,Maternidade,Enfermeiro,0,99105,9,,pofem29633@1heizi.com
118,MAYNNARA MENDONÇA,4/21/1960,62,maior que 50 anos,FEMININO,CASADO,PATOS,Belo Horizonte,aposentado,3,99118,10,,pofem29633@1heizi.com
129,ABIGAIL Castro,11/24/2000,20,18 a 30 anos,FEMININO,CASADO,PATOS,Novo Horizonte,Balconista,1,,3,,pofem29633@1heizi.com
135,ADELINO Freitas,4/17/1999,22,18 a 30 anos,MASCULINO,CASADO,PATOS,Jardim Magnólia,Recepcionista,1,,3,,pofem29633@1heizi.com
141,ABIEZER Pinto,5/10/1997,24,18 a 30 anos,MASCULINO,SOLTEIRO,PATOS,Bivar Olinto,Estudante,0,,9,,pofem29633@1heizi.com
143,ABIDIEL Monteiro,1/28/1997,24,18 a 30 anos,MASCULINO,SOLTEIRO,PATOS,Liberdade,Estudante,0,,1,,pofem29633@1heizi.com
157,7798 Moura,4/3/1994,27,18 a 30 anos,MASCULINO,SOLTEIRO,PATOS,Ana Leite,Estudante,0,,5,,pofem29633@1heizi.com
171,ABIDON Mendes,8/15/1988,33,31 a 50 anos,MASCULINO,SOLTEIRO,PATOS,Belo Horizonte,Vendedor (a),0,,9,,pofem29633@1heizi.com
186,ABIDIAS Alves,11/17/1983,38,31 a 50 anos,MASCULINO,CASADO,PATOS,Santo Antônio,Gestão Comercial,3,,8,,pofem29633@1heizi.com
206,ADLER Alves,7/7/1977,44,31 a 50 anos,MASCULINO,CASADO,PATOS,Sete Casas,Ciências Contábeis,2,,9,,pofem29633@1heizi.com
210,ABIDORAL Freitas,5/27/1974,47,31 a 50 anos,MASCULINO,CASADO,PATOS,Jatobá,Gastronomia,1,,7,,pofem29633@1heizi.com
212,ABEL Barbosa,5/10/1973,48,31 a 50 anos,MASCULINO,CASADO,PATOS,Bela Vista,Gestão de Recursos Humanos,0,,8,,pofem29633@1heizi.com
218,ABIDERMAN Ribeiro,3/14/1971,50,31 a 50 anos,MASCULINO,CASADO,PATOS,São Sebastião,Hotelaria,2,,6,,pofem29633@1heizi.com
284,25665 Barbosa,9/13/1998,23,18 a 30 anos,MASCULINO,SEPARADO,PATOS,Morada de Sol,Pilotagem profissional de aeronaves,2,,1,,pofem29633@1heizi.com
300,ABIDON Barros,7/11/1998,23,18 a 30 anos,MASCULINO,SOLTEIRO,PATOS,Maternidade,Estudante,0,,9,,pofem29633@1heizi.com
326,ADILHO Pinto,5/24/1977,44,31 a 50 anos,MASCULINO,SOLTEIRO,PATOS,Distrito Industrial,Vendedor (a),0,,10,,pofem29633@1heizi.com
360,ABADIL GAUDINO,4/19/1962,59,maior que 50 anos,MASCULINO,SOLTEIRO,PATOS,São Sebastião,Gestão em Saúde,1,,8,,pofem29633@1heizi.com
391,ADELAR Campos,12/29/1999,21,18 a 30 anos,FEMININO,SOLTEIRO,PATOS,Nova Conquista,Fonoaudiologia,0,,3,,pofem29633@1heizi.com
397,ADELAINE Barros,3/4/1998,23,18 a 30 anos,FEMININO,SOLTEIRO,PATOS,Alto de Tubiba,Musicoterapia,2,,3,,pofem29633@1heizi.com
410,427 Cavalcanti,7/22/1993,28,18 a 30 anos,FEMININO,CASADO,PATOS,Centro,Gestão Financeira,3,,4,,pofem29633@1heizi.com
445,ADELANE Cardoso,12/20/1979,42,31 a 50 anos,FEMININO,CASADO,PATOS,Noé Trajano,Dentista,2,,1,,pofem29633@1heizi.com
449,10483 Moura,10/6/1977,44,31 a 50 anos,FEMININO,SOLTEIRO,PATOS,Morro,Vendedor (a),0,,9,,pofem29633@1heizi.com
462,2832 Ribeiro,1/12/1975,47,31 a 50 anos,FEMININO,CASADO,PATOS,Salgadinho,Pilotagem profissional de aeronaves,3,,8,,pofem29633@1heizi.com
463,ADELIA Mendes,1/10/1975,47,31 a 50 anos,FEMININO,CASADO,PATOS,Santa Cecília,Processos Gerenciais,0,,7,,pofem29633@1heizi.com
464,3996 Monteiro,4/22/1974,47,31 a 50 anos,FEMININO,CASADO,PATOS,Brasília,Segurança Pública,3,,0,,pofem29633@1heizi.com
466,ADACIA CUNHA,10/17/1973,48,31 a 50 anos,FEMININO,CASADO,PATOS,Liberdade,Empresário,3,,6,,pofem29633@1heizi.com
468,798 GADELHA,7/30/1973,48,31 a 50 anos,FEMININO,SOLTEIRO,PATOS,Santo Antônio,Vendedor (a),0,,7,,pofem29633@1heizi.com
484,ABIGAIU Dias,4/11/1967,54,maior que 50 anos,FEMININO,SOLTEIRO,PATOS,Monte Castelo,aposentado,0,,7,,pofem29633@1heizi.com
5,Guilherme Santos,7/16/1999,22,18 a 30 anos,MASCULINO,SOLTEIRO,RECIFE,Alto José Bonifácio,Estudante,0,99005,3,,pofem29633@1heizi.com
45,Givanilza dos Santos,10/21/1972,49,31 a 50 anos,FEMININO,CASADO,RECIFE,Alto José do Pinho,Cabelereiro(a),2,99045,0,,pofem29633@1heizi.com
61,JOSÉ CLEVERSON SILVA,3/20/1989,32,31 a 50 anos,MASCULINO,SOLTEIRO,RECIFE,Alto Santa Terezinha,Vendedor (a),0,99061,5,,pofem29633@1heizi.com
76,RODRIGO DE ALMEIDA,9/16/1999,22,18 a 30 anos,MASCULINO,SOLTEIRO,RECIFE,Apipucos,Estudante,0,99076,7,,pofem29633@1heizi.com
99,JESSYCA ISLANE ARAÚJO,3/15/1994,27,18 a 30 anos,FEMININO,CASADO,RECIFE,Areias,professor,3,99099,4,,pofem29633@1heizi.com
117,MARIA RAFAELLADIAS,8/22/1973,48,31 a 50 anos,FEMININO,SEPARADO,RECIFE,Arruda,Vendedor (a),2,99117,9,,pofem29633@1heizi.com
128,YURE DANTAS DÁVILA,4/21/1960,62,maior que 50 anos,MASCULINO,CASADO,RECIFE,Boa Viagem,aposentado,2,99128,6,,pofem29633@1heizi.com
136,ADENIL Rodrigues,1/29/1999,22,18 a 30 anos,MASCULINO,SOLTEIRO,RECIFE,Aflitos,Estudante,0,,6,,pofem29633@1heizi.com
138,ROBERTO GADELHA,11/24/1998,22,18 a 30 anos,MASCULINO,CASADO,RECIFE,Boa Viagem,professor,0,,3,,pofem29633@1heizi.com
140,lUAN Lima,10/20/1997,23,18 a 30 anos,MASCULINO,CASADO,RECIFE,Alto do Mandu,Vendedor (a),1,,6,,pofem29633@1heizi.com
162,ABENONE Costa,8/8/1992,29,18 a 30 anos,MASCULINO,CASADO,RECIFE,Brasília Teimosa,Empresário,3,,3,,pofem29633@1heizi.com
168,ABENER Almeida,1/18/1990,31,31 a 50 anos,MASCULINO,SOLTEIRO,RECIFE,Afogados,Vendedor (a),0,,6,,pofem29633@1heizi.com
172,ADENEVALDO Nascimento,1/22/1988,33,31 a 50 anos,MASCULINO,SOLTEIRO,RECIFE,Água Fria,Vendedor (a),0,,2,,pofem29633@1heizi.com
182,ADENIL Carvalho,3/16/1985,36,31 a 50 anos,MASCULINO,CASADO,RECIFE,Alto Santa Terezinha,Ciências Econômicas,2,,6,,pofem29633@1heizi.com
185,ADERLINDO Araújo,3/24/1984,37,31 a 50 anos,MASCULINO,CASADO,RECIFE,Casa Amarela,Gastronomia,0,,5,,pofem29633@1heizi.com
191,ADERALDO Oliveira,11/6/1981,40,31 a 50 anos,MASCULINO,CASADO,RECIFE,Brejo de Beberibe,Gestão Financeira,0,,7,,pofem29633@1heizi.com
192,ADERCIO Pereira,6/3/1981,40,31 a 50 anos,MASCULINO,CASADO,RECIFE,Cabanga,Gestão Pública,1,,6,,pofem29633@1heizi.com
259,ACIVALDO Mendes,2/26/1990,31,31 a 50 anos,MASCULINO,SOLTEIRO,RECIFE,Afogados,Vendedor (a),0,,1,,pofem29633@1heizi.com
260,ACKSON Barros,4/4/1999,22,18 a 30 anos,MASCULINO,CASADO,RECIFE,Água Fria,comerciante,0,,6,,pofem29633@1heizi.com
261,ACLEDISON Castro,4/15/1981,40,31 a 50 anos,MASCULINO,SOLTEIRO,RECIFE,Arruda,Vendedor (a),0,,5,,pofem29633@1heizi.com
262,ACLEDSON Campos,12/2/1991,29,18 a 30 anos,MASCULINO,SOLTEIRO,RECIFE,Barro,Estudante,0,,5,,pofem29633@1heizi.com
263,ACIOLI Cardoso,7/29/1964,57,maior que 50 anos,MASCULINO,CASADO,RECIFE,Beberibe,Administração,3,,3,,pofem29633@1heizi.com
264,ACLAILTON Costa,3/23/1982,39,31 a 50 anos,MASCULINO,CASADO,RECIFE,Bomba do Hemetério,Administração Pública,1,,4,,pofem29633@1heizi.com
265,AKILES Oliveira,10/2/1969,52,maior que 50 anos,MASCULINO,CASADO,RECIFE,Brasília Teimosa,Agronegócios e Agropecuária,2,,3,,pofem29633@1heizi.com
266,ACLESIO Rodrigues,4/25/1999,22,18 a 30 anos,MASCULINO,CASADO,RECIFE,Brejo de Beberibe,Ciências Aeronáuticas,2,,2,,pofem29633@1heizi.com
267,ACLIDES Almeida,7/10/1983,38,31 a 50 anos,MASCULINO,CASADO,RECIFE,Cabanga,Ciências Atuariais,2,,1,,pofem29633@1heizi.com
268,ACLIMAR Nascimento,12/9/1981,40,31 a 50 anos,MASCULINO,CASADO,RECIFE,Caçote,Ciências Contábeis,2,,6,,pofem29633@1heizi.com
269,ACLINIO Lima,3/20/1987,34,31 a 50 anos,MASCULINO,CASADO,RECIFE,Cajueiro,Ciências Econômicas,2,,4,,pofem29633@1heizi.com
270,ACRESIO Carvalho,6/10/1993,28,18 a 30 anos,MASCULINO,CASADO,RECIFE,Casa Amarela,Comércio Exterior,2,,9,,pofem29633@1heizi.com
271,ACRINALDO Souza,4/3/1959,63,maior que 50 anos,MASCULINO,CASADO,RECIFE,Cidade Universitária,Defesa e Gestão Estratégica Internacional,3,,6,,pofem29633@1heizi.com
277,ADENILTON MENDES JÚNIOR,5/29/1985,36,31 a 50 anos,MASCULINO,DIVORCIADO,RECIFE,Barro,Gestão de Turismo,3,,6,,pofem29633@1heizi.com
283,ADENIAS Araújo,5/23/2000,21,18 a 30 anos,MASCULINO,SEPARADO,RECIFE,Alto José Bonifácio,Negócios Imobiliários,2,,8,,pofem29633@1heizi.com
289,ADETINO Gomes,4/15/1991,30,31 a 50 anos,MASCULINO,SEPARADO,RECIFE,Cidade Universitária,Administração Pública,3,,1,,pofem29633@1heizi.com
296,AKILIS Araújo,11/25/2000,20,18 a 30 anos,MASCULINO,SOLTEIRO,RECIFE,Campina do Barreto,Estudante,0,,5,,pofem29633@1heizi.com
307,ADENICIO Fernandes,11/1/1990,31,31 a 50 anos,MASCULINO,SOLTEIRO,RECIFE,Alto José do Pinho,Vendedor (a),0,,7,,pofem29633@1heizi.com
316,ABERLARDO Lima,8/27/1983,38,31 a 50 anos,MASCULINO,SOLTEIRO,RECIFE,Campo Grande,Vendedor (a),0,,9,,pofem29633@1heizi.com
317,ADENILSON DORES SANTOS,3/8/1983,38,31 a 50 anos,MASCULINO,SOLTEIRO,RECIFE,Arruda,Vendedor (a),0,,1,,pofem29633@1heizi.com
322,ADENILDO FIALHO,8/20/1981,40,31 a 50 anos,MASCULINO,SOLTEIRO,RECIFE,Areias,Vendedor (a),0,,6,,pofem29633@1heizi.com
324,ADENOR Santos,5/23/1978,43,31 a 50 anos,MASCULINO,SOLTEIRO,RECIFE,Brejo da Guabiraba,comerciante,0,,6,,pofem29633@1heizi.com
329,ADERLAN Almeida,11/27/1973,48,31 a 50 anos,MASCULINO,SOLTEIRO,RECIFE,Cajueiro,Agronegócios e Agropecuária,1,,2,,pofem29633@1heizi.com
351,ACIVAL Monteiro,1/23/1965,57,maior que 50 anos,MASCULINO,SOLTEIRO,RECIFE,Aflitos,Turismo,3,,7,,pofem29633@1heizi.com
352,ACLECIANO Cavalcanti,5/19/1990,31,31 a 50 anos,MASCULINO,SOLTEIRO,RECIFE,Apipucos,Administração,3,,7,,pofem29633@1heizi.com
353,ACLECIO Dias,11/4/1975,46,31 a 50 anos,MASCULINO,SOLTEIRO,RECIFE,Areias,Administração Pública,1,,3,,pofem29633@1heizi.com
354,ACLEITON Santos,9/11/1991,30,18 a 30 anos,MASCULINO,SOLTEIRO,RECIFE,Bongi,Estética e Cosmética,3,,8,,pofem29633@1heizi.com
355,ACLISIO Fernandes,3/9/1989,32,31 a 50 anos,MASCULINO,SOLTEIRO,RECIFE,Campo Grande,Farmácia,0,,4,,pofem29633@1heizi.com
356,ACRICIO Silva,12/7/1994,26,18 a 30 anos,MASCULINO,SOLTEIRO,RECIFE,Caxangá,Fisioterapia,3,,8,,pofem29633@1heizi.com
373,ABERLADO Rodrigues,3/3/1979,42,31 a 50 anos,MASCULINO,VIÚVO,RECIFE,Caçote,Fisioterapia,2,,7,,pofem29633@1heizi.com
378,ADERVAL Carvalho,11/4/1976,45,31 a 50 anos,MASCULINO,VIÚVO,RECIFE,Caxangá,Gestão Hospitalar,3,,6,,pofem29633@1heizi.com
383,ADERSON Fernandes,4/26/1968,53,maior que 50 anos,MASCULINO,VIÚVO,RECIFE,Casa Forte,Obstetrícia,1,,8,,pofem29633@1heizi.com
399,ACLESIA Pereira,2/16/1997,24,18 a 30 anos,FEMININO,SOLTEIRO,RECIFE,Brejo da Guabiraba,Nutrição,2,,4,,pofem29633@1heizi.com
411,641 Freitas,12/29/1991,29,18 a 30 anos,FEMININO,CASADO,RECIFE,Alto do Mandu,Gestão Pública,0,,4,,pofem29633@1heizi.com
412,ACRICIA Gomes,12/11/1991,29,18 a 30 anos,FEMININO,CASADO,RECIFE,Casa Forte,Hotelaria,0,,0,,pofem29633@1heizi.com
432,ADENITA CUNHA,12/17/1983,38,31 a 50 anos,FEMININO,CASADO,RECIFE,Boa Vista,médico,2,,7,,pofem29633@1heizi.com
440,ADENIZA Silva,3/24/1981,40,31 a 50 anos,FEMININO,CASADO,RECIFE,Bomba do Hemetério,Bancário,0,,0,,pofem29633@1heizi.com
442,ADENILZA GAUDINO,3/12/1981,40,31 a 50 anos,FEMININO,SOLTEIRO,RECIFE,Beberibe,Vendedor (a),0,,1,,pofem29633@1heizi.com
444,ACLECIANE Moura,8/30/1980,41,31 a 50 anos,FEMININO,CASADO,RECIFE,Alto Santa Terezinha,Personal Treiner,2,,6,,pofem29633@1heizi.com
450,ACILEIA Silva,8/14/1977,44,31 a 50 anos,FEMININO,CASADO,RECIFE,Boa Viagem,Promotor de Vendas,2,,8,,pofem29633@1heizi.com
452,ACILEIDE Souza,12/18/1976,45,31 a 50 anos,FEMININO,CASADO,RECIFE,Boa Vista,Gestão de Recursos Humanos,0,,2,,pofem29633@1heizi.com
459,ADERLANDIA Nascimento,6/26/1975,46,31 a 50 anos,FEMININO,CASADO,RECIFE,Campina do Barreto,Logística,2,,4,,pofem29633@1heizi.com
465,ADENILDE Gomes,2/1/1974,48,31 a 50 anos,FEMININO,CASADO,RECIFE,Apipucos,Turismo,3,,3,,pofem29633@1heizi.com
467,ACLECIA Barbosa,9/21/1973,48,31 a 50 anos,FEMININO,CASADO,RECIFE,Alto José Bonifácio,Vendedor (a),3,,7,,pofem29633@1heizi.com
475,ACLECIANA Pinto,6/19/1969,52,maior que 50 anos,FEMININO,DIVORCIADO,RECIFE,Alto José do Pinho,aposentado,0,,3,,pofem29633@1heizi.com
478,ADENISIA Souza,8/9/1968,53,maior que 50 anos,FEMININO,CASADO,RECIFE,Bongi,médico,0,,6,,pofem29633@1heizi.com
47,Maynne da Silva,3/20/1962,60,maior que 50 anos,FEMININO,CASADO,SANTA_RITA,Loteamento Plano de Vida,Vendedor (a),0,99047,3,,pofem29633@1heizi.com
65,LEYLA MARIA DA PONTES,12/19/1969,52,maior que 50 anos,FEMININO,CASADO,SANTA_RITA,Marcos Moura,aposentado,3,99065,2,,pofem29633@1heizi.com
111,LUAN DIAS,4/21/1949,73,maior que 50 anos,MASCULINO,CASADO,SANTA_RITA,Nova Esperança,comerciante,2,99111,7,,pofem29633@1heizi.com
121,PATRICIO FILHO,10/9/2003,17,Até 18 anos,MASCULINO,SOLTEIRO,SANTA_RITA,Sol Nascente,Estudante,0,99121,5,,pofem29633@1heizi.com
125,ROGER LUIZ MENDES,7/26/1970,51,maior que 50 anos,MASCULINO,SEPARADO,SANTA_RITA,Boa Vista,Balconista,1,99125,1,,pofem29633@1heizi.com
176,ADINAEL Almeida,8/11/1986,35,31 a 50 anos,MASCULINO,CASADO,SANTA_RITA,Boa Vista,Administração,0,,2,,pofem29633@1heizi.com
205,ADIRAN Souza,2/26/1978,43,31 a 50 anos,MASCULINO,CASADO,SANTA_RITA,Tibiri,Ciências Atuariais,0,,8,,pofem29633@1heizi.com
215,ADIO Gomes,2/5/1973,49,31 a 50 anos,MASCULINO,CASADO,SANTA_RITA,Nova Esperança,Gestão de Turismo,2,,4,,pofem29633@1heizi.com
291,ADINAEL Carvalho,12/4/1987,33,31 a 50 anos,MASCULINO,SEPARADO,SANTA_RITA,Marcos Moura,Vendedor (a),3,,6,,pofem29633@1heizi.com
318,1582 Rodrigues,1/21/1983,38,31 a 50 anos,MASCULINO,SOLTEIRO,SANTA_RITA,Bairro dos Municípios,Vendedor (a),0,,5,,pofem29633@1heizi.com
381,290 Fernandes,2/2/1972,50,31 a 50 anos,MASCULINO,VIÚVO,SANTA_RITA,Loteamento Plano de Vida,Naturologia,3,,6,,pofem29633@1heizi.com
382,ABINER Nascimento,6/7/1971,50,31 a 50 anos,MASCULINO,VIÚVO,SANTA_RITA,Heitel Santiago,Nutrição,1,,10,,pofem29633@1heizi.com
392,ABIQUEILA Silva,10/18/1999,21,18 a 30 anos,FEMININO,SOLTEIRO,SANTA_RITA,Sol Nascente,Gerontologia,1,,8,,pofem29633@1heizi.com
420,77 Lima,5/18/1990,31,31 a 50 anos,FEMININO,CASADO,SANTA_RITA,Jardim Carolina,Empresário,3,,5,,pofem29633@1heizi.com
422,290 Araújo,7/2/1988,33,31 a 50 anos,FEMININO,CASADO,SANTA_RITA,"Jardim Europa (I, II e III)",Vendedor (a),0,,9,,pofem29633@1heizi.com